--
-- PostgreSQL database dump
--

SET statement_timeout = 0;
SET lock_timeout = 0;
SET idle_in_transaction_session_timeout = 0;
SET client_encoding = 'UTF8';
SET standard_conforming_strings = on;
SET check_function_bodies = false;
SET xmloption = content;
SET client_min_messages = warning;
SET row_security = off;

-- Clean existing data
TRUNCATE TABLE public.account CASCADE;
TRUNCATE TABLE public.user CASCADE;
TRUNCATE TABLE public.organization_to_feed CASCADE;
TRUNCATE TABLE public.feed CASCADE;
TRUNCATE TABLE public.organization CASCADE;

-- Reset sequences
ALTER SEQUENCE organization_id_seq RESTART WITH 1;
ALTER SEQUENCE feed_id_seq RESTART WITH 1;
ALTER SEQUENCE organization_to_feed_id_seq RESTART WITH 1;

-- Insert mock data

COPY public.organization (id, name, billing_email, status, created_at, updated_at) FROM stdin;
1	Renner, Turcotte and Kemmer	jovani80@hotmail.com	inactive	2024-10-01T10:18:02.577Z	2025-02-25T22:57:28.919Z
\.
    

COPY public.organization (id, name, billing_email, status, created_at, updated_at) FROM stdin;
2	Torphy - Stokes	paolo7@hotmail.com	active	2023-05-25T16:40:21.830Z	2025-04-12T00:33:19.186Z
\.
    

COPY public.organization (id, name, billing_email, status, created_at, updated_at) FROM stdin;
3	Bernhard - Hyatt	shaina_hartmann89@gmail.com	active	2024-05-31T14:15:34.747Z	2025-04-12T13:28:13.448Z
\.
    

COPY public.organization (id, name, billing_email, status, created_at, updated_at) FROM stdin;
4	Purdy, Hettinger and Kulas	declan80@gmail.com	inactive	2023-09-10T08:36:51.785Z	2025-02-17T22:40:31.655Z
\.
    

COPY public.organization (id, name, billing_email, status, created_at, updated_at) FROM stdin;
5	Purdy - Feeney	edwin_schultz86@hotmail.com	inactive	2025-01-26T15:38:45.570Z	2025-04-13T16:25:48.190Z
\.
    

COPY public.organization (id, name, billing_email, status, created_at, updated_at) FROM stdin;
6	Bergnaum, Kulas and Powlowski	carmel_mcglynn93@hotmail.com	active	2024-08-20T12:47:36.016Z	2025-01-18T03:11:25.848Z
\.
    

COPY public.organization (id, name, billing_email, status, created_at, updated_at) FROM stdin;
7	Hoeger and Sons	guadalupe.dietrich@yahoo.com	active	2024-11-27T09:29:12.900Z	2025-03-22T08:41:00.597Z
\.
    

COPY public.organization (id, name, billing_email, status, created_at, updated_at) FROM stdin;
8	Lind - Dickens	lauriane51@yahoo.com	active	2024-06-20T05:52:05.362Z	2025-02-03T12:22:39.525Z
\.
    

COPY public.organization (id, name, billing_email, status, created_at, updated_at) FROM stdin;
9	Franey, Ward and Kiehn	alycia45@hotmail.com	inactive	2023-12-20T23:46:33.184Z	2025-01-29T01:05:39.024Z
\.
    

COPY public.organization (id, name, billing_email, status, created_at, updated_at) FROM stdin;
10	Schultz and Sons	casper_reilly55@hotmail.com	inactive	2023-06-14T15:10:26.164Z	2025-02-01T12:38:59.128Z
\.
    

COPY public.organization (id, name, billing_email, status, created_at, updated_at) FROM stdin;
11	Purdy LLC	abigayle.bogan16@gmail.com	active	2024-09-21T12:46:46.380Z	2025-04-10T01:28:27.796Z
\.
    

COPY public.organization (id, name, billing_email, status, created_at, updated_at) FROM stdin;
12	Crist, Dibbert and Sauer	jakayla_marvin@gmail.com	inactive	2024-06-30T12:33:22.052Z	2025-01-21T15:52:04.943Z
\.
    

COPY public.organization (id, name, billing_email, status, created_at, updated_at) FROM stdin;
13	Daniel - Wolf	geovanny.ruecker72@yahoo.com	active	2023-12-18T17:43:05.213Z	2025-03-18T12:05:01.785Z
\.
    

COPY public.organization (id, name, billing_email, status, created_at, updated_at) FROM stdin;
14	Crona - O'Reilly	leanna98@gmail.com	inactive	2023-05-09T00:50:36.041Z	2025-04-13T04:44:05.287Z
\.
    

COPY public.organization (id, name, billing_email, status, created_at, updated_at) FROM stdin;
15	Schroeder, Beer and Lind	brice.sauer38@yahoo.com	active	2024-09-28T11:45:09.555Z	2025-03-22T11:06:38.038Z
\.
    

COPY public.organization (id, name, billing_email, status, created_at, updated_at) FROM stdin;
16	Emmerich - Lebsack	hertha9@hotmail.com	inactive	2024-07-06T07:19:43.219Z	2025-03-05T20:53:35.050Z
\.
    

COPY public.organization (id, name, billing_email, status, created_at, updated_at) FROM stdin;
17	Zemlak Group	danial_crist@hotmail.com	inactive	2024-09-10T11:54:36.238Z	2025-04-13T08:08:19.314Z
\.
    

COPY public.organization (id, name, billing_email, status, created_at, updated_at) FROM stdin;
18	Dicki Group	elwin.stark@yahoo.com	active	2023-11-27T17:50:05.073Z	2025-02-13T02:04:01.598Z
\.
    

COPY public.organization (id, name, billing_email, status, created_at, updated_at) FROM stdin;
19	Haag LLC	alanna32@gmail.com	inactive	2023-08-13T14:08:50.334Z	2025-02-11T14:24:54.184Z
\.
    

COPY public.organization (id, name, billing_email, status, created_at, updated_at) FROM stdin;
20	Franecki Inc	eve_koss@gmail.com	active	2024-01-23T15:54:03.819Z	2025-04-05T10:26:22.538Z
\.
    

COPY public.organization (id, name, billing_email, status, created_at, updated_at) FROM stdin;
21	Terry - Doyle	devon3@yahoo.com	inactive	2024-03-07T15:51:30.154Z	2025-02-14T21:31:22.161Z
\.
    

COPY public.organization (id, name, billing_email, status, created_at, updated_at) FROM stdin;
22	Welch Inc	thaddeus_dickens@gmail.com	inactive	2024-03-14T11:04:13.412Z	2025-03-22T18:55:04.288Z
\.
    

COPY public.organization (id, name, billing_email, status, created_at, updated_at) FROM stdin;
23	McGlynn Group	faustino.emard@hotmail.com	active	2025-01-15T09:16:27.115Z	2025-03-05T01:01:46.928Z
\.
    

COPY public.organization (id, name, billing_email, status, created_at, updated_at) FROM stdin;
24	Beatty Inc	osbaldo_jaskolski@gmail.com	active	2024-01-29T02:13:13.411Z	2025-04-12T12:42:16.025Z
\.
    

COPY public.organization (id, name, billing_email, status, created_at, updated_at) FROM stdin;
25	Mann - Kunde	lee85@yahoo.com	active	2025-02-15T04:03:03.003Z	2025-03-19T19:34:46.583Z
\.
    

COPY public.organization (id, name, billing_email, status, created_at, updated_at) FROM stdin;
26	Hilpert - Bashirian	aurelio84@yahoo.com	active	2024-04-09T21:45:24.786Z	2025-04-12T09:44:40.393Z
\.
    

COPY public.organization (id, name, billing_email, status, created_at, updated_at) FROM stdin;
27	Jaskolski, Ritchie and Streich	viola_barton@gmail.com	inactive	2025-03-02T19:49:51.977Z	2025-03-20T16:21:27.843Z
\.
    

COPY public.organization (id, name, billing_email, status, created_at, updated_at) FROM stdin;
28	Aufderhar Group	bert.schimmel@gmail.com	active	2023-05-14T08:22:08.415Z	2025-03-25T09:36:31.900Z
\.
    

COPY public.organization (id, name, billing_email, status, created_at, updated_at) FROM stdin;
29	Dare - Rice	aletha_larson@yahoo.com	active	2024-07-31T23:34:49.601Z	2025-02-08T16:16:12.623Z
\.
    

COPY public.organization (id, name, billing_email, status, created_at, updated_at) FROM stdin;
30	Rice, Littel and Murray	arden.anderson88@gmail.com	inactive	2024-12-22T21:26:21.159Z	2025-02-20T07:18:47.961Z
\.
    

COPY public.organization (id, name, billing_email, status, created_at, updated_at) FROM stdin;
31	Dicki - Stark	nick.west1@yahoo.com	active	2023-04-16T12:30:43.203Z	2025-01-15T20:29:38.962Z
\.
    

COPY public.organization (id, name, billing_email, status, created_at, updated_at) FROM stdin;
32	McCullough LLC	brown33@gmail.com	active	2023-06-11T10:01:56.051Z	2025-03-06T06:42:46.168Z
\.
    

COPY public.organization (id, name, billing_email, status, created_at, updated_at) FROM stdin;
33	O'Keefe LLC	alycia_luettgen83@yahoo.com	inactive	2023-05-13T16:01:18.678Z	2025-02-11T20:41:18.792Z
\.
    

COPY public.organization (id, name, billing_email, status, created_at, updated_at) FROM stdin;
34	Kshlerin - Moore	annalise.ondricka11@hotmail.com	inactive	2023-05-27T12:03:31.389Z	2025-02-17T21:37:58.544Z
\.
    

COPY public.organization (id, name, billing_email, status, created_at, updated_at) FROM stdin;
35	Gleichner - Kshlerin	jordy.willms74@gmail.com	active	2024-01-31T12:27:50.250Z	2025-03-17T12:17:07.119Z
\.
    

COPY public.organization (id, name, billing_email, status, created_at, updated_at) FROM stdin;
36	Kuvalis, Johnston and Harvey	juanita93@gmail.com	inactive	2024-01-09T21:20:38.413Z	2025-02-11T16:15:12.130Z
\.
    

COPY public.organization (id, name, billing_email, status, created_at, updated_at) FROM stdin;
37	Rippin, Pfannerstill and Blick	scarlett30@gmail.com	inactive	2023-07-04T09:07:39.669Z	2025-03-02T09:24:26.243Z
\.
    

COPY public.organization (id, name, billing_email, status, created_at, updated_at) FROM stdin;
38	Kub LLC	kassandra53@hotmail.com	active	2023-06-01T23:26:55.979Z	2025-03-01T04:37:19.219Z
\.
    

COPY public.organization (id, name, billing_email, status, created_at, updated_at) FROM stdin;
39	Will, Jacobi and Kunze	kristin.brown73@yahoo.com	inactive	2023-10-31T04:28:05.726Z	2025-02-05T14:05:00.181Z
\.
    

COPY public.organization (id, name, billing_email, status, created_at, updated_at) FROM stdin;
40	Walker - Rice	erica93@hotmail.com	active	2023-05-08T11:02:12.098Z	2025-03-06T07:43:39.885Z
\.
    

COPY public.organization (id, name, billing_email, status, created_at, updated_at) FROM stdin;
41	Reynolds, Rosenbaum and Schuppe	ladarius_williamson@hotmail.com	active	2024-06-02T06:25:27.029Z	2025-04-04T07:10:43.833Z
\.
    

COPY public.organization (id, name, billing_email, status, created_at, updated_at) FROM stdin;
42	Kub LLC	candida.ruecker69@gmail.com	inactive	2023-12-03T15:53:11.075Z	2025-03-28T12:27:32.842Z
\.
    

COPY public.organization (id, name, billing_email, status, created_at, updated_at) FROM stdin;
43	Trantow and Sons	bettye.haag89@yahoo.com	inactive	2025-04-08T06:38:30.542Z	2025-01-25T12:35:32.029Z
\.
    

COPY public.organization (id, name, billing_email, status, created_at, updated_at) FROM stdin;
44	Hackett Group	retha30@yahoo.com	active	2023-07-10T19:24:12.486Z	2025-02-24T20:25:06.152Z
\.
    

COPY public.organization (id, name, billing_email, status, created_at, updated_at) FROM stdin;
45	Schimmel - Rogahn	leopold.becker66@gmail.com	inactive	2023-06-11T05:21:08.284Z	2025-02-17T08:34:42.966Z
\.
    

COPY public.organization (id, name, billing_email, status, created_at, updated_at) FROM stdin;
46	Larkin Group	kamryn19@yahoo.com	active	2023-08-05T20:18:08.353Z	2025-02-10T03:52:11.953Z
\.
    

COPY public.organization (id, name, billing_email, status, created_at, updated_at) FROM stdin;
47	Stamm, Wolff and Crona	gabriel18@gmail.com	inactive	2023-08-14T04:44:08.090Z	2025-03-05T16:36:48.896Z
\.
    

COPY public.organization (id, name, billing_email, status, created_at, updated_at) FROM stdin;
48	Sporer, Murray and Haag	quinten95@hotmail.com	inactive	2023-12-12T23:25:36.015Z	2025-02-25T17:34:30.210Z
\.
    

COPY public.organization (id, name, billing_email, status, created_at, updated_at) FROM stdin;
49	Thompson Group	horace83@gmail.com	inactive	2023-05-19T14:26:20.272Z	2025-02-08T23:30:58.460Z
\.
    

COPY public.organization (id, name, billing_email, status, created_at, updated_at) FROM stdin;
50	McClure - Fahey	casimir74@yahoo.com	inactive	2024-07-16T13:20:47.234Z	2025-04-10T19:23:42.356Z
\.
    

COPY public.organization (id, name, billing_email, status, created_at, updated_at) FROM stdin;
51	Krajcik - DuBuque	jed94@hotmail.com	inactive	2024-12-14T05:31:48.498Z	2025-04-10T11:15:16.152Z
\.
    

COPY public.organization (id, name, billing_email, status, created_at, updated_at) FROM stdin;
52	Simonis Group	mae.ratke-little@gmail.com	inactive	2025-03-16T05:14:08.772Z	2025-03-30T22:37:56.693Z
\.
    

COPY public.organization (id, name, billing_email, status, created_at, updated_at) FROM stdin;
53	Windler Group	chaz61@gmail.com	active	2024-10-18T15:05:11.123Z	2025-04-11T17:36:52.391Z
\.
    

COPY public.organization (id, name, billing_email, status, created_at, updated_at) FROM stdin;
54	Treutel Inc	dorcas79@yahoo.com	active	2023-11-18T19:13:59.486Z	2025-04-08T11:05:08.694Z
\.
    

COPY public.organization (id, name, billing_email, status, created_at, updated_at) FROM stdin;
55	Kilback, Hauck and Effertz	leon.flatley@hotmail.com	active	2023-07-02T14:56:56.816Z	2025-02-01T01:26:28.199Z
\.
    

COPY public.organization (id, name, billing_email, status, created_at, updated_at) FROM stdin;
56	Borer LLC	arlo33@gmail.com	active	2024-01-31T15:47:21.486Z	2025-03-31T10:55:37.925Z
\.
    

COPY public.organization (id, name, billing_email, status, created_at, updated_at) FROM stdin;
57	Osinski, Sauer and Nikolaus	pat_streich13@hotmail.com	active	2023-09-21T11:44:20.172Z	2025-03-17T08:13:46.655Z
\.
    

COPY public.organization (id, name, billing_email, status, created_at, updated_at) FROM stdin;
58	Effertz Group	lisa.kihn96@gmail.com	inactive	2024-01-15T01:23:41.125Z	2025-01-30T11:51:32.290Z
\.
    

COPY public.organization (id, name, billing_email, status, created_at, updated_at) FROM stdin;
59	Beahan - Hirthe	antwon.carroll@gmail.com	inactive	2023-07-26T14:06:25.235Z	2025-03-15T16:46:37.654Z
\.
    

COPY public.organization (id, name, billing_email, status, created_at, updated_at) FROM stdin;
60	Cassin and Sons	crystal79@yahoo.com	inactive	2024-03-31T20:46:47.407Z	2025-02-28T08:17:40.183Z
\.
    

COPY public.organization (id, name, billing_email, status, created_at, updated_at) FROM stdin;
61	Torphy, Bailey and Dare	hoyt.sawayn@gmail.com	inactive	2024-03-06T23:03:07.824Z	2025-04-12T13:40:25.557Z
\.
    

COPY public.organization (id, name, billing_email, status, created_at, updated_at) FROM stdin;
62	King and Sons	joyce.bashirian55@yahoo.com	inactive	2024-05-27T09:14:23.942Z	2025-02-28T11:49:50.643Z
\.
    

COPY public.organization (id, name, billing_email, status, created_at, updated_at) FROM stdin;
63	Marvin - Grant	blaise44@hotmail.com	inactive	2024-02-04T14:10:24.270Z	2025-01-21T02:29:12.130Z
\.
    

COPY public.organization (id, name, billing_email, status, created_at, updated_at) FROM stdin;
64	Bahringer LLC	sarina_jast39@gmail.com	active	2025-03-10T11:35:30.148Z	2025-02-26T11:43:04.392Z
\.
    

COPY public.organization (id, name, billing_email, status, created_at, updated_at) FROM stdin;
65	Nader and Sons	lennie3@gmail.com	inactive	2024-08-03T08:04:51.507Z	2025-02-11T08:35:39.586Z
\.
    

COPY public.organization (id, name, billing_email, status, created_at, updated_at) FROM stdin;
66	Nicolas - Effertz	bartholome_mccullough12@gmail.com	inactive	2023-12-23T16:09:43.680Z	2025-02-07T18:38:58.278Z
\.
    

COPY public.organization (id, name, billing_email, status, created_at, updated_at) FROM stdin;
67	Marquardt Inc	brooklyn_barton20@yahoo.com	active	2025-02-06T22:02:34.307Z	2025-02-03T14:08:23.779Z
\.
    

COPY public.organization (id, name, billing_email, status, created_at, updated_at) FROM stdin;
68	Bahringer, Kling and Maggio	stephanie_moore@hotmail.com	active	2024-02-01T23:17:26.081Z	2025-01-26T03:18:43.580Z
\.
    

COPY public.organization (id, name, billing_email, status, created_at, updated_at) FROM stdin;
69	Gerhold - Hermiston	vernice66@yahoo.com	inactive	2025-02-13T10:31:44.322Z	2025-04-13T06:20:24.188Z
\.
    

COPY public.organization (id, name, billing_email, status, created_at, updated_at) FROM stdin;
70	Koss and Sons	tyree.paucek@hotmail.com	inactive	2025-02-13T03:23:55.173Z	2025-02-07T07:54:05.342Z
\.
    

COPY public.organization (id, name, billing_email, status, created_at, updated_at) FROM stdin;
71	Schneider, Beier and Cummings	jace27@hotmail.com	inactive	2025-01-16T02:29:49.659Z	2025-02-15T16:14:00.677Z
\.
    

COPY public.organization (id, name, billing_email, status, created_at, updated_at) FROM stdin;
72	Lowe Group	marlon.tromp98@gmail.com	active	2024-12-07T21:36:29.574Z	2025-03-20T05:11:40.207Z
\.
    

COPY public.organization (id, name, billing_email, status, created_at, updated_at) FROM stdin;
73	Nienow, Klocko and Kautzer	oda.williamson61@yahoo.com	active	2023-10-28T02:21:50.160Z	2025-03-04T13:33:26.868Z
\.
    

COPY public.organization (id, name, billing_email, status, created_at, updated_at) FROM stdin;
74	Rice - Ferry	gilda90@hotmail.com	inactive	2023-11-10T09:13:50.957Z	2025-01-26T04:06:35.648Z
\.
    

COPY public.organization (id, name, billing_email, status, created_at, updated_at) FROM stdin;
75	Muller, Thompson and Barton	johnpaul_bernhard76@yahoo.com	inactive	2024-12-19T19:00:15.886Z	2025-03-05T07:00:37.498Z
\.
    

COPY public.organization (id, name, billing_email, status, created_at, updated_at) FROM stdin;
76	McCullough - Sipes	chanelle90@yahoo.com	inactive	2023-12-16T08:12:37.323Z	2025-02-11T15:37:42.739Z
\.
    

COPY public.organization (id, name, billing_email, status, created_at, updated_at) FROM stdin;
77	Nader, Parker and Reilly	lorine_rice@hotmail.com	inactive	2024-01-08T11:45:22.404Z	2025-02-09T23:15:03.211Z
\.
    

COPY public.organization (id, name, billing_email, status, created_at, updated_at) FROM stdin;
78	Bogisich - Witting	agustina.towne@yahoo.com	inactive	2024-03-05T13:27:08.400Z	2025-03-26T22:30:15.239Z
\.
    

COPY public.organization (id, name, billing_email, status, created_at, updated_at) FROM stdin;
79	Deckow, Wilderman and Schmeler	grady.lebsack83@gmail.com	inactive	2024-05-31T09:21:32.289Z	2025-04-11T02:45:28.087Z
\.
    

COPY public.organization (id, name, billing_email, status, created_at, updated_at) FROM stdin;
80	Parker - O'Reilly	bridget.carroll83@gmail.com	inactive	2023-11-08T07:21:03.939Z	2025-03-15T14:04:15.825Z
\.
    

COPY public.organization (id, name, billing_email, status, created_at, updated_at) FROM stdin;
81	Prosacco - Bayer	orville37@yahoo.com	inactive	2025-01-01T17:24:40.765Z	2025-03-02T07:51:46.163Z
\.
    

COPY public.organization (id, name, billing_email, status, created_at, updated_at) FROM stdin;
82	Stanton, Douglas and Kreiger	hattie57@hotmail.com	active	2023-12-27T14:55:58.133Z	2025-02-01T09:12:47.236Z
\.
    

COPY public.organization (id, name, billing_email, status, created_at, updated_at) FROM stdin;
83	Mayert Inc	ivory54@hotmail.com	active	2024-10-02T04:14:43.080Z	2025-02-14T16:58:14.847Z
\.
    

COPY public.organization (id, name, billing_email, status, created_at, updated_at) FROM stdin;
84	Leuschke, Wuckert and Jerde	greyson.johnson@hotmail.com	inactive	2023-06-07T10:57:10.060Z	2025-02-04T08:53:19.054Z
\.
    

COPY public.organization (id, name, billing_email, status, created_at, updated_at) FROM stdin;
85	Harris - Hilpert	jermain85@hotmail.com	active	2023-10-26T20:41:20.507Z	2025-02-28T22:54:20.184Z
\.
    

COPY public.organization (id, name, billing_email, status, created_at, updated_at) FROM stdin;
86	Watsica, Fritsch and Langosh	karina.terry5@hotmail.com	inactive	2025-03-08T22:05:10.760Z	2025-01-23T03:18:58.044Z
\.
    

COPY public.organization (id, name, billing_email, status, created_at, updated_at) FROM stdin;
87	Treutel LLC	joanny.morissette2@gmail.com	active	2023-05-01T20:40:27.089Z	2025-02-12T11:30:40.520Z
\.
    

COPY public.organization (id, name, billing_email, status, created_at, updated_at) FROM stdin;
88	Wehner - Baumbach	orin67@gmail.com	active	2024-12-25T08:24:00.176Z	2025-02-03T23:02:42.247Z
\.
    

COPY public.organization (id, name, billing_email, status, created_at, updated_at) FROM stdin;
89	Dickinson, Greenholt and Gusikowski	sigurd_veum41@yahoo.com	inactive	2023-12-28T16:09:59.276Z	2025-04-13T07:58:29.662Z
\.
    

COPY public.organization (id, name, billing_email, status, created_at, updated_at) FROM stdin;
90	Lueilwitz Group	bennie.sawayn@hotmail.com	inactive	2024-10-14T18:20:04.187Z	2025-03-03T12:32:25.641Z
\.
    

COPY public.organization (id, name, billing_email, status, created_at, updated_at) FROM stdin;
91	Labadie, Breitenberg and Gleason	joaquin95@yahoo.com	inactive	2023-05-09T02:43:28.706Z	2025-03-25T12:48:09.824Z
\.
    

COPY public.organization (id, name, billing_email, status, created_at, updated_at) FROM stdin;
92	Balistreri - Lind	carissa45@gmail.com	active	2025-03-12T16:20:07.983Z	2025-02-10T22:36:46.072Z
\.
    

COPY public.organization (id, name, billing_email, status, created_at, updated_at) FROM stdin;
93	Kilback - Dooley	tomasa36@gmail.com	active	2024-08-18T01:46:53.581Z	2025-02-19T03:07:26.694Z
\.
    

COPY public.organization (id, name, billing_email, status, created_at, updated_at) FROM stdin;
94	Gibson, Lueilwitz and Bauch	oceane.rohan@gmail.com	inactive	2023-09-26T11:33:24.194Z	2025-03-17T04:04:47.531Z
\.
    

COPY public.organization (id, name, billing_email, status, created_at, updated_at) FROM stdin;
95	Metz Inc	laurianne_balistreri29@yahoo.com	active	2025-01-01T07:53:43.476Z	2025-01-21T10:22:52.580Z
\.
    

COPY public.organization (id, name, billing_email, status, created_at, updated_at) FROM stdin;
96	Durgan, Welch and Brown	izabella.schmitt@hotmail.com	active	2023-07-09T02:17:36.604Z	2025-01-14T04:08:37.989Z
\.
    

COPY public.organization (id, name, billing_email, status, created_at, updated_at) FROM stdin;
97	Zboncak LLC	johnnie_spencer@yahoo.com	inactive	2024-03-11T07:40:33.147Z	2025-04-08T11:46:46.709Z
\.
    

COPY public.organization (id, name, billing_email, status, created_at, updated_at) FROM stdin;
98	Upton LLC	georgette_satterfield@hotmail.com	inactive	2023-12-11T14:05:38.933Z	2025-04-13T02:10:44.885Z
\.
    

COPY public.organization (id, name, billing_email, status, created_at, updated_at) FROM stdin;
99	Labadie, Morissette and Swift	brionna59@yahoo.com	inactive	2025-01-19T16:34:27.689Z	2025-01-21T16:21:27.136Z
\.
    

COPY public.organization (id, name, billing_email, status, created_at, updated_at) FROM stdin;
100	Little, Bednar and Schaden	maynard15@hotmail.com	active	2024-08-31T10:27:50.384Z	2025-03-13T05:22:36.003Z
\.
    


COPY public.feed (id, name, description, base_price, created_at, updated_at) FROM stdin;
1	Elegant Concrete Chair Feed	Discover the potable new Soap with an exciting mix of Plastic ingredients	354.4	2025-03-23T21:32:20.756Z	2025-02-04T06:47:46.071Z
\.
    

COPY public.feed (id, name, description, base_price, created_at, updated_at) FROM stdin;
2	Handmade Marble Shoes Feed	Innovative Pizza featuring serene technology and Rubber construction	799.08	2024-12-02T18:39:48.194Z	2025-03-01T19:16:11.048Z
\.
    

COPY public.feed (id, name, description, base_price, created_at, updated_at) FROM stdin;
3	Licensed Bamboo Keyboard Feed	Discover the whale-like agility of our Hat, perfect for amused users	945.75	2023-10-08T21:52:00.853Z	2025-03-19T16:57:31.791Z
\.
    

COPY public.feed (id, name, description, base_price, created_at, updated_at) FROM stdin;
4	Generic Marble Car Feed	The Antwon Pants is the latest in a series of blind products from Emmerich, O'Kon and Dibbert	396.51	2025-01-31T23:33:54.148Z	2025-03-10T08:35:30.143Z
\.
    

COPY public.feed (id, name, description, base_price, created_at, updated_at) FROM stdin;
5	Oriental Silk Soap Feed	The tan Chicken combines Ethiopia aesthetics with Dysprosium-based durability	409.93	2024-12-06T17:17:13.687Z	2025-03-14T10:52:26.948Z
\.
    

COPY public.feed (id, name, description, base_price, created_at, updated_at) FROM stdin;
6	Modern Aluminum Fish Feed	Innovative Hat featuring haunting technology and Rubber construction	948.85	2025-01-08T07:57:13.326Z	2025-02-16T01:09:40.715Z
\.
    

COPY public.feed (id, name, description, base_price, created_at, updated_at) FROM stdin;
7	Rustic Aluminum Hat Feed	Stylish Shirt designed to make you stand out with intrepid looks	294.58	2023-06-29T12:19:03.359Z	2025-03-19T07:16:48.508Z
\.
    

COPY public.feed (id, name, description, base_price, created_at, updated_at) FROM stdin;
8	Luxurious Bamboo Salad Feed	Savor the zesty essence in our Chips, designed for substantial culinary adventures	426.07	2023-12-13T16:00:28.126Z	2025-02-17T01:10:53.456Z
\.
    

COPY public.feed (id, name, description, base_price, created_at, updated_at) FROM stdin;
9	Small Metal Hat Feed	Gorgeous Table designed with Plastic for soupy performance	438.16	2023-07-06T04:07:52.566Z	2025-03-03T17:27:41.468Z
\.
    

COPY public.feed (id, name, description, base_price, created_at, updated_at) FROM stdin;
10	Intelligent Bronze Mouse Feed	Experience the purple brilliance of our Computer, perfect for unwieldy environments	597.45	2023-08-19T01:36:26.514Z	2025-01-25T23:36:41.462Z
\.
    

COPY public.feed (id, name, description, base_price, created_at, updated_at) FROM stdin;
11	Electronic Metal Table Feed	Introducing the Uganda-inspired Chicken, blending other style with local craftsmanship	764.09	2024-10-10T15:48:52.460Z	2025-01-29T08:26:23.323Z
\.
    

COPY public.feed (id, name, description, base_price, created_at, updated_at) FROM stdin;
12	Small Aluminum Tuna Feed	Introducing the Libyan Arab Jamahiriya-inspired Towels, blending glum style with local craftsmanship	751.48	2024-02-18T22:19:21.417Z	2025-03-04T02:56:25.382Z
\.
    

COPY public.feed (id, name, description, base_price, created_at, updated_at) FROM stdin;
13	Ergonomic Concrete Pants Feed	Our bird-friendly Bike ensures messy comfort for your pets	563.08	2025-01-08T11:20:14.797Z	2025-02-07T18:19:28.141Z
\.
    

COPY public.feed (id, name, description, base_price, created_at, updated_at) FROM stdin;
14	Rustic Steel Shoes Feed	Experience the gold brilliance of our Computer, perfect for elementary environments	204.23	2024-03-28T18:49:44.386Z	2025-04-01T21:27:43.626Z
\.
    

COPY public.feed (id, name, description, base_price, created_at, updated_at) FROM stdin;
15	Incredible Ceramic Shirt Feed	New grey Fish with ergonomic design for monthly comfort	108.3	2023-08-04T18:10:52.612Z	2025-01-15T00:35:52.274Z
\.
    

COPY public.feed (id, name, description, base_price, created_at, updated_at) FROM stdin;
16	Recycled Concrete Cheese Feed	Introducing the Bonaire, Sint Eustatius and Saba-inspired Computer, blending livid style with local craftsmanship	343.82	2023-11-06T02:41:15.255Z	2025-02-20T19:37:12.046Z
\.
    

COPY public.feed (id, name, description, base_price, created_at, updated_at) FROM stdin;
17	Tasty Cotton Fish Feed	Stylish Tuna designed to make you stand out with passionate looks	137.94	2023-09-21T23:00:37.670Z	2025-02-14T05:26:16.760Z
\.
    

COPY public.feed (id, name, description, base_price, created_at, updated_at) FROM stdin;
18	Rustic Bronze Bike Feed	Our tangy-inspired Computer brings a taste of luxury to your tragic lifestyle	942.7	2024-06-02T09:46:10.493Z	2025-01-16T05:31:35.592Z
\.
    

COPY public.feed (id, name, description, base_price, created_at, updated_at) FROM stdin;
19	Fantastic Metal Chicken Feed	The lime Keyboard combines Turkey aesthetics with Arsenic-based durability	227.68	2024-09-24T10:58:14.460Z	2025-03-10T18:29:17.030Z
\.
    

COPY public.feed (id, name, description, base_price, created_at, updated_at) FROM stdin;
20	Awesome Ceramic Shirt Feed	Experience the tan brilliance of our Table, perfect for definite environments	342.92	2024-08-31T01:48:35.508Z	2025-04-06T15:31:03.573Z
\.
    

COPY public.feed (id, name, description, base_price, created_at, updated_at) FROM stdin;
21	Practical Marble Pizza Feed	Featuring Potassium-enhanced technology, our Towels offers unparalleled cultivated performance	693.23	2024-10-09T14:21:17.571Z	2025-04-01T06:45:48.407Z
\.
    

COPY public.feed (id, name, description, base_price, created_at, updated_at) FROM stdin;
22	Refined Bamboo Chair Feed	New Sausages model with 98 GB RAM, 767 GB storage, and wrong features	194.9	2023-09-09T10:59:18.855Z	2025-02-05T12:57:42.348Z
\.
    

COPY public.feed (id, name, description, base_price, created_at, updated_at) FROM stdin;
23	Incredible Aluminum Car Feed	New sky blue Chair with ergonomic design for anguished comfort	703.18	2023-06-03T16:34:11.255Z	2025-03-07T07:54:04.753Z
\.
    

COPY public.feed (id, name, description, base_price, created_at, updated_at) FROM stdin;
24	Fantastic Steel Salad Feed	The Priscilla Shoes is the latest in a series of true products from Renner, Gleichner and Prosacco	335.51	2024-09-26T04:14:30.808Z	2025-01-22T09:29:21.083Z
\.
    

COPY public.feed (id, name, description, base_price, created_at, updated_at) FROM stdin;
25	Recycled Ceramic Sausages Feed	Mayert, Nitzsche and Rutherford's most advanced Shoes technology increases secondary capabilities	774.7	2023-04-21T12:03:42.922Z	2025-03-17T06:32:27.801Z
\.
    

COPY public.feed (id, name, description, base_price, created_at, updated_at) FROM stdin;
26	Tasty Wooden Chair Feed	Featuring Seaborgium-enhanced technology, our Computer offers unparalleled bitter performance	389.1	2024-06-07T05:33:53.331Z	2025-02-17T05:52:45.441Z
\.
    

COPY public.feed (id, name, description, base_price, created_at, updated_at) FROM stdin;
27	Sleek Cotton Chips Feed	Our monkey-friendly Ball ensures lonely comfort for your pets	349.81	2023-06-15T07:00:24.354Z	2025-01-18T02:46:06.166Z
\.
    

COPY public.feed (id, name, description, base_price, created_at, updated_at) FROM stdin;
28	Handmade Aluminum Pizza Feed	New maroon Chicken with ergonomic design for lavish comfort	433.48	2023-11-19T23:53:39.829Z	2025-03-11T21:20:53.401Z
\.
    

COPY public.feed (id, name, description, base_price, created_at, updated_at) FROM stdin;
29	Oriental Marble Sausages Feed	Our rhinoceros-friendly Pizza ensures quarterly comfort for your pets	686.37	2023-05-31T08:42:52.215Z	2025-02-15T05:44:41.415Z
\.
    

COPY public.feed (id, name, description, base_price, created_at, updated_at) FROM stdin;
30	Electronic Wooden Pizza Feed	Hoppe, Bednar and Haley's most advanced Pizza technology increases limited capabilities	277.04	2025-03-19T08:28:04.899Z	2025-02-20T15:11:48.681Z
\.
    

COPY public.feed (id, name, description, base_price, created_at, updated_at) FROM stdin;
31	Fantastic Bamboo Shoes Feed	Discover the polar bear-like agility of our Bacon, perfect for reflecting users	363.66	2024-02-27T21:22:31.298Z	2025-02-14T19:16:53.593Z
\.
    

COPY public.feed (id, name, description, base_price, created_at, updated_at) FROM stdin;
32	Small Rubber Chair Feed	New Hat model with 56 GB RAM, 795 GB storage, and friendly features	624.55	2024-01-17T03:12:26.373Z	2025-03-28T03:16:06.621Z
\.
    

COPY public.feed (id, name, description, base_price, created_at, updated_at) FROM stdin;
33	Intelligent Cotton Mouse Feed	Innovative Tuna featuring likable technology and Steel construction	480.34	2025-01-15T23:53:51.170Z	2025-02-11T03:18:06.753Z
\.
    

COPY public.feed (id, name, description, base_price, created_at, updated_at) FROM stdin;
34	Fresh Granite Chips Feed	Featuring Tungsten-enhanced technology, our Mouse offers unparalleled neat performance	652.71	2024-08-26T23:58:40.461Z	2025-03-17T16:45:07.608Z
\.
    

COPY public.feed (id, name, description, base_price, created_at, updated_at) FROM stdin;
35	Soft Ceramic Fish Feed	The indigo Towels combines Jordan aesthetics with Roentgenium-based durability	740.77	2025-03-09T15:07:10.757Z	2025-02-17T17:42:29.957Z
\.
    

COPY public.feed (id, name, description, base_price, created_at, updated_at) FROM stdin;
36	Frozen Metal Cheese Feed	Discover the koala-like agility of our Bike, perfect for majestic users	255.95	2023-06-15T21:02:48.814Z	2025-03-14T17:48:48.091Z
\.
    

COPY public.feed (id, name, description, base_price, created_at, updated_at) FROM stdin;
37	Generic Gold Ball Feed	The Tony Towels is the latest in a series of warlike products from Denesik LLC	699.68	2025-02-05T17:54:42.420Z	2025-04-06T20:53:38.547Z
\.
    

COPY public.feed (id, name, description, base_price, created_at, updated_at) FROM stdin;
38	Intelligent Granite Shirt Feed	Discover the bleak new Chips with an exciting mix of Silk ingredients	181.23	2023-06-23T15:34:21.037Z	2025-04-01T01:29:37.625Z
\.
    

COPY public.feed (id, name, description, base_price, created_at, updated_at) FROM stdin;
39	Rustic Wooden Ball Feed	Ritchie Inc's most advanced Table technology increases tricky capabilities	513.44	2024-09-12T02:44:57.076Z	2025-03-29T12:08:24.838Z
\.
    

COPY public.feed (id, name, description, base_price, created_at, updated_at) FROM stdin;
40	Practical Cotton Towels Feed	Discover the kangaroo-like agility of our Sausages, perfect for impressive users	568.84	2023-07-20T07:32:44.961Z	2025-01-16T22:03:35.302Z
\.
    

COPY public.feed (id, name, description, base_price, created_at, updated_at) FROM stdin;
41	Handcrafted Metal Pants Feed	Our golden-inspired Soap brings a taste of luxury to your untrue lifestyle	212.49	2024-03-18T12:39:21.842Z	2025-01-26T15:11:00.171Z
\.
    

COPY public.feed (id, name, description, base_price, created_at, updated_at) FROM stdin;
42	Ergonomic Ceramic Tuna Feed	Ergonomic Ball made with Gold for all-day tasty support	205.25	2025-01-15T12:20:24.461Z	2025-02-27T19:15:28.951Z
\.
    

COPY public.feed (id, name, description, base_price, created_at, updated_at) FROM stdin;
43	Modern Concrete Bike Feed	Schiller Inc's most advanced Computer technology increases torn capabilities	437.04	2024-08-05T18:40:24.497Z	2025-01-31T06:11:53.999Z
\.
    

COPY public.feed (id, name, description, base_price, created_at, updated_at) FROM stdin;
44	Recycled Ceramic Bike Feed	Introducing the Virgin Islands, U.S.-inspired Bacon, blending pure style with local craftsmanship	996.69	2024-04-23T22:09:54.724Z	2025-01-29T02:18:59.077Z
\.
    

COPY public.feed (id, name, description, base_price, created_at, updated_at) FROM stdin;
45	Gorgeous Marble Bike Feed	Discover the haunting new Pants with an exciting mix of Marble ingredients	522.04	2024-08-21T01:45:15.661Z	2025-02-25T00:02:48.587Z
\.
    

COPY public.feed (id, name, description, base_price, created_at, updated_at) FROM stdin;
46	Intelligent Marble Fish Feed	The tan Chair combines Liberia aesthetics with Fermium-based durability	858.6	2025-04-05T00:31:06.408Z	2025-02-12T21:45:28.244Z
\.
    

COPY public.feed (id, name, description, base_price, created_at, updated_at) FROM stdin;
47	Gorgeous Silk Sausages Feed	New Salad model with 52 GB RAM, 790 GB storage, and pretty features	439.46	2024-08-01T10:11:40.393Z	2025-03-21T23:16:23.720Z
\.
    

COPY public.feed (id, name, description, base_price, created_at, updated_at) FROM stdin;
48	Fresh Bamboo Mouse Feed	Innovative Bacon featuring fat technology and Marble construction	744.2	2024-08-17T08:36:41.544Z	2025-04-08T09:30:36.986Z
\.
    

COPY public.feed (id, name, description, base_price, created_at, updated_at) FROM stdin;
49	Refined Ceramic Cheese Feed	Innovative Shoes featuring fussy technology and Gold construction	242.14	2024-08-02T16:01:51.375Z	2025-03-11T03:29:33.686Z
\.
    

COPY public.feed (id, name, description, base_price, created_at, updated_at) FROM stdin;
50	Ergonomic Cotton Shirt Feed	Introducing the Guyana-inspired Cheese, blending aggravating style with local craftsmanship	472.96	2024-02-12T02:43:39.600Z	2025-03-28T20:16:04.427Z
\.
    

COPY public.feed (id, name, description, base_price, created_at, updated_at) FROM stdin;
51	Bespoke Granite Hat Feed	Introducing the Virgin Islands, U.S.-inspired Soap, blending worldly style with local craftsmanship	888.11	2024-06-19T02:55:22.153Z	2025-03-31T20:42:23.177Z
\.
    

COPY public.feed (id, name, description, base_price, created_at, updated_at) FROM stdin;
52	Incredible Plastic Mouse Feed	Our crocodile-friendly Chair ensures interesting comfort for your pets	969.46	2024-12-31T08:11:51.006Z	2025-03-21T23:22:51.176Z
\.
    

COPY public.feed (id, name, description, base_price, created_at, updated_at) FROM stdin;
53	Recycled Bamboo Mouse Feed	Introducing the Equatorial Guinea-inspired Mouse, blending potable style with local craftsmanship	473.14	2023-07-09T18:06:56.840Z	2025-02-02T15:43:19.235Z
\.
    

COPY public.feed (id, name, description, base_price, created_at, updated_at) FROM stdin;
54	Small Marble Bacon Feed	Stylish Ball designed to make you stand out with frizzy looks	567.03	2023-04-21T17:49:14.358Z	2025-04-06T08:23:39.524Z
\.
    

COPY public.feed (id, name, description, base_price, created_at, updated_at) FROM stdin;
55	Modern Rubber Towels Feed	New Salad model with 85 GB RAM, 234 GB storage, and that features	489.77	2023-12-23T13:58:09.409Z	2025-01-16T06:43:36.989Z
\.
    

COPY public.feed (id, name, description, base_price, created_at, updated_at) FROM stdin;
56	Licensed Marble Chicken Feed	Fresh Gloves designed with Bamboo for rotating performance	614	2024-12-19T14:34:27.877Z	2025-02-16T16:05:11.095Z
\.
    

COPY public.feed (id, name, description, base_price, created_at, updated_at) FROM stdin;
57	Fantastic Cotton Car Feed	The tan Ball combines Ireland aesthetics with Magnesium-based durability	859.12	2024-04-06T05:43:18.437Z	2025-03-15T17:45:33.126Z
\.
    

COPY public.feed (id, name, description, base_price, created_at, updated_at) FROM stdin;
58	Bespoke Metal Pizza Feed	New Shoes model with 88 GB RAM, 857 GB storage, and equatorial features	213.14	2023-05-31T09:24:42.095Z	2025-04-06T23:59:42.156Z
\.
    

COPY public.feed (id, name, description, base_price, created_at, updated_at) FROM stdin;
59	Gorgeous Marble Sausages Feed	Ergonomic Towels made with Cotton for all-day warlike support	493.07	2024-10-09T04:06:01.601Z	2025-04-07T01:21:43.951Z
\.
    

COPY public.feed (id, name, description, base_price, created_at, updated_at) FROM stdin;
60	Licensed Bronze Shoes Feed	The Johnathan Sausages is the latest in a series of bony products from Bechtelar, Mraz and Hessel	805.73	2024-07-31T17:27:03.875Z	2025-02-22T03:42:18.054Z
\.
    

COPY public.feed (id, name, description, base_price, created_at, updated_at) FROM stdin;
61	Licensed Bamboo Chicken Feed	Innovative Computer featuring crowded technology and Steel construction	918.26	2023-06-07T17:02:30.363Z	2025-03-14T08:53:33.323Z
\.
    

COPY public.feed (id, name, description, base_price, created_at, updated_at) FROM stdin;
62	Tasty Aluminum Cheese Feed	Our butterfly-friendly Ball ensures growing comfort for your pets	153.94	2023-05-11T15:49:59.350Z	2025-02-21T04:46:16.143Z
\.
    

COPY public.feed (id, name, description, base_price, created_at, updated_at) FROM stdin;
63	Fresh Plastic Table Feed	Featuring Protactinium-enhanced technology, our Tuna offers unparalleled majestic performance	206.26	2023-04-21T19:19:59.640Z	2025-01-26T12:19:24.111Z
\.
    

COPY public.feed (id, name, description, base_price, created_at, updated_at) FROM stdin;
64	Sleek Plastic Mouse Feed	Our turtle-friendly Soap ensures crazy comfort for your pets	230.22	2023-05-21T08:59:07.137Z	2025-03-21T11:41:20.071Z
\.
    

COPY public.feed (id, name, description, base_price, created_at, updated_at) FROM stdin;
65	Small Wooden Computer Feed	Fantastic Hat designed with Rubber for average performance	721.41	2024-06-17T07:22:39.055Z	2025-03-09T04:27:50.407Z
\.
    

COPY public.feed (id, name, description, base_price, created_at, updated_at) FROM stdin;
66	Licensed Wooden Bike Feed	Stylish Pizza designed to make you stand out with mad looks	269.26	2024-04-15T08:29:52.583Z	2025-01-23T20:29:02.629Z
\.
    

COPY public.feed (id, name, description, base_price, created_at, updated_at) FROM stdin;
67	Handmade Aluminum Mouse Feed	Stylish Towels designed to make you stand out with numb looks	285	2024-04-09T23:42:21.425Z	2025-04-04T11:10:46.012Z
\.
    

COPY public.feed (id, name, description, base_price, created_at, updated_at) FROM stdin;
68	Bespoke Steel Tuna Feed	Featuring Oxygen-enhanced technology, our Pants offers unparalleled evil performance	424.11	2023-04-30T07:09:32.483Z	2025-01-17T03:12:03.538Z
\.
    

COPY public.feed (id, name, description, base_price, created_at, updated_at) FROM stdin;
69	Frozen Aluminum Shirt Feed	Wolf LLC's most advanced Mouse technology increases insignificant capabilities	393.29	2024-11-21T14:21:25.973Z	2025-02-09T15:51:50.080Z
\.
    

COPY public.feed (id, name, description, base_price, created_at, updated_at) FROM stdin;
70	Fantastic Ceramic Mouse Feed	Professional-grade Sausages perfect for trustworthy training and recreational use	129.7	2024-09-16T03:26:37.761Z	2025-01-27T07:22:26.788Z
\.
    

COPY public.feed (id, name, description, base_price, created_at, updated_at) FROM stdin;
71	Handmade Steel Pants Feed	Auer Inc's most advanced Chair technology increases lasting capabilities	212.38	2023-12-23T11:43:33.442Z	2025-04-11T11:35:22.489Z
\.
    

COPY public.feed (id, name, description, base_price, created_at, updated_at) FROM stdin;
72	Elegant Bamboo Table Feed	Discover the ironclad new Bacon with an exciting mix of Cotton ingredients	367.96	2023-09-08T06:01:37.834Z	2025-02-04T06:32:16.149Z
\.
    

COPY public.feed (id, name, description, base_price, created_at, updated_at) FROM stdin;
73	Bespoke Bronze Keyboard Feed	Stylish Fish designed to make you stand out with worthy looks	654.99	2023-05-28T00:19:35.646Z	2025-02-07T14:14:03.917Z
\.
    

COPY public.feed (id, name, description, base_price, created_at, updated_at) FROM stdin;
74	Generic Cotton Cheese Feed	The Jena Bike is the latest in a series of unwieldy products from Mitchell, Kerluke and Pollich	136.57	2023-05-03T20:06:57.019Z	2025-01-18T03:28:46.395Z
\.
    

COPY public.feed (id, name, description, base_price, created_at, updated_at) FROM stdin;
75	Intelligent Plastic Hat Feed	Experience the yellow brilliance of our Chips, perfect for parched environments	507.97	2025-02-12T22:18:20.698Z	2025-04-02T05:59:01.328Z
\.
    

COPY public.feed (id, name, description, base_price, created_at, updated_at) FROM stdin;
76	Gorgeous Cotton Bacon Feed	Ergonomic Salad made with Bamboo for all-day functional support	708.04	2025-03-30T04:51:38.393Z	2025-03-13T08:24:39.007Z
\.
    

COPY public.feed (id, name, description, base_price, created_at, updated_at) FROM stdin;
77	Ergonomic Metal Shirt Feed	Our fish-friendly Chicken ensures unimportant comfort for your pets	305.54	2024-05-03T00:04:01.312Z	2025-01-30T01:37:14.440Z
\.
    

COPY public.feed (id, name, description, base_price, created_at, updated_at) FROM stdin;
78	Elegant Marble Cheese Feed	Stylish Shirt designed to make you stand out with flashy looks	463.74	2024-06-25T11:00:49.978Z	2025-03-11T01:20:01.207Z
\.
    

COPY public.feed (id, name, description, base_price, created_at, updated_at) FROM stdin;
79	Practical Rubber Sausages Feed	Discover the orderly new Sausages with an exciting mix of Plastic ingredients	768.98	2024-11-06T17:34:52.950Z	2025-04-01T14:29:47.255Z
\.
    

COPY public.feed (id, name, description, base_price, created_at, updated_at) FROM stdin;
80	Rustic Metal Gloves Feed	Featuring Carbon-enhanced technology, our Shoes offers unparalleled faint performance	609.42	2025-01-02T10:41:52.580Z	2025-03-19T00:15:01.176Z
\.
    

COPY public.feed (id, name, description, base_price, created_at, updated_at) FROM stdin;
81	Fantastic Granite Gloves Feed	Introducing the Mauritius-inspired Sausages, blending muted style with local craftsmanship	975.28	2023-06-12T04:17:28.529Z	2025-03-23T03:56:18.102Z
\.
    

COPY public.feed (id, name, description, base_price, created_at, updated_at) FROM stdin;
82	Licensed Concrete Fish Feed	Experience the maroon brilliance of our Chicken, perfect for trusty environments	487.21	2024-09-18T21:32:37.593Z	2025-01-19T13:37:38.531Z
\.
    

COPY public.feed (id, name, description, base_price, created_at, updated_at) FROM stdin;
83	Unbranded Cotton Chair Feed	Introducing the Malawi-inspired Hat, blending sunny style with local craftsmanship	293.63	2024-01-11T16:54:04.100Z	2025-01-22T18:47:43.382Z
\.
    

COPY public.feed (id, name, description, base_price, created_at, updated_at) FROM stdin;
84	Gorgeous Gold Car Feed	Introducing the Slovakia-inspired Salad, blending next style with local craftsmanship	871.26	2024-07-08T23:13:31.912Z	2025-02-22T21:57:09.254Z
\.
    

COPY public.feed (id, name, description, base_price, created_at, updated_at) FROM stdin;
85	Awesome Granite Car Feed	Professional-grade Sausages perfect for white training and recreational use	976.31	2024-01-28T03:59:25.788Z	2025-01-16T13:01:26.820Z
\.
    

COPY public.feed (id, name, description, base_price, created_at, updated_at) FROM stdin;
86	Elegant Plastic Chicken Feed	New Computer model with 32 GB RAM, 716 GB storage, and squeaky features	368.74	2023-10-13T05:51:21.201Z	2025-03-31T19:00:37.657Z
\.
    

COPY public.feed (id, name, description, base_price, created_at, updated_at) FROM stdin;
87	Incredible Aluminum Gloves Feed	Innovative Soap featuring shameful technology and Marble construction	368.55	2024-06-12T08:03:38.004Z	2025-04-12T14:26:16.977Z
\.
    

COPY public.feed (id, name, description, base_price, created_at, updated_at) FROM stdin;
88	Practical Cotton Soap Feed	Professional-grade Bike perfect for submissive training and recreational use	831.2	2023-05-13T11:06:51.513Z	2025-03-17T10:05:06.830Z
\.
    

COPY public.feed (id, name, description, base_price, created_at, updated_at) FROM stdin;
89	Elegant Concrete Cheese Feed	Featuring Titanium-enhanced technology, our Gloves offers unparalleled snoopy performance	632.38	2023-07-25T03:53:39.243Z	2025-03-19T20:56:10.189Z
\.
    

COPY public.feed (id, name, description, base_price, created_at, updated_at) FROM stdin;
90	Licensed Wooden Gloves Feed	New violet Table with ergonomic design for frank comfort	959.52	2024-04-11T20:39:52.551Z	2025-03-19T09:57:24.636Z
\.
    

COPY public.feed (id, name, description, base_price, created_at, updated_at) FROM stdin;
91	Recycled Granite Chicken Feed	Savor the spicy essence in our Shoes, designed for austere culinary adventures	531.36	2024-12-23T22:50:17.612Z	2025-01-25T12:08:46.443Z
\.
    

COPY public.feed (id, name, description, base_price, created_at, updated_at) FROM stdin;
92	Handmade Bronze Chair Feed	The sleek and responsible Salad comes with fuchsia LED lighting for smart functionality	402.77	2023-09-02T03:47:53.077Z	2025-03-07T01:59:55.712Z
\.
    

COPY public.feed (id, name, description, base_price, created_at, updated_at) FROM stdin;
93	Luxurious Rubber Shirt Feed	Ergonomic Bacon made with Concrete for all-day esteemed support	323.17	2024-01-30T20:08:12.268Z	2025-01-19T03:29:13.709Z
\.
    

COPY public.feed (id, name, description, base_price, created_at, updated_at) FROM stdin;
94	Licensed Rubber Gloves Feed	Unbranded Bacon designed with Concrete for growing performance	145.81	2025-03-02T07:43:10.817Z	2025-01-20T04:18:58.213Z
\.
    

COPY public.feed (id, name, description, base_price, created_at, updated_at) FROM stdin;
95	Fantastic Concrete Shirt Feed	Professional-grade Chair perfect for tender training and recreational use	194	2024-03-09T05:59:18.320Z	2025-04-12T15:44:15.468Z
\.
    

COPY public.feed (id, name, description, base_price, created_at, updated_at) FROM stdin;
96	Rustic Metal Car Feed	The Sharable logistical architecture Ball offers reliable performance and diligent design	283.16	2024-05-25T10:51:13.745Z	2025-02-24T20:33:42.347Z
\.
    

COPY public.feed (id, name, description, base_price, created_at, updated_at) FROM stdin;
97	Handcrafted Cotton Car Feed	Licensed Cheese designed with Cotton for unused performance	536.89	2023-04-24T13:14:24.410Z	2025-04-03T16:26:15.123Z
\.
    

COPY public.feed (id, name, description, base_price, created_at, updated_at) FROM stdin;
98	Ergonomic Silk Pants Feed	Experience the sky blue brilliance of our Ball, perfect for common environments	140.16	2023-07-28T07:25:41.911Z	2025-04-07T21:50:10.127Z
\.
    

COPY public.feed (id, name, description, base_price, created_at, updated_at) FROM stdin;
99	Incredible Rubber Computer Feed	Stylish Shirt designed to make you stand out with unsteady looks	122.36	2023-08-05T04:22:09.195Z	2025-02-23T03:04:05.611Z
\.
    

COPY public.feed (id, name, description, base_price, created_at, updated_at) FROM stdin;
100	Fantastic Wooden Bacon Feed	Our tiger-friendly Pizza ensures realistic comfort for your pets	336.8	2024-03-02T14:41:36.226Z	2025-03-31T11:02:22.544Z
\.
    


COPY public.organization_to_feed (id, feed_id, organization_id, access_until, dashboard_url, delivery_method, delivery_config, success_emails, fail_emails, schema_update_emails, billing_amount, billing_frequency, created_at, updated_at) FROM stdin;
1	87	76	2025-08-17T12:36:45.526Z	https://subtle-guacamole.biz/	api	{"endpoint":"https://straight-hyphenation.org/","apiKey":"974a3ebf-e15f-4e49-b21d-81e80353cf10","format":"xml"}	{Jesus34@gmail.com,Bobbie_Collins@hotmail.com}	{Mitchel.Schumm@yahoo.com}	{Eveline81@hotmail.com,Laney.Fahey12@yahoo.com}	401.57	yearly	2025-01-20T12:13:01.382Z	2025-03-27T07:15:30.916Z
\.
    

COPY public.organization_to_feed (id, feed_id, organization_id, access_until, dashboard_url, delivery_method, delivery_config, success_emails, fail_emails, schema_update_emails, billing_amount, billing_frequency, created_at, updated_at) FROM stdin;
2	78	1	2025-05-05T01:43:04.214Z	https://superficial-junior.name/	sftp	{"endpoint":"https://steel-meander.info","apiKey":"d11c25f6-f2b1-4b25-a8d4-585de82180db","format":"xml"}	{Blaise_Braun@yahoo.com,Frederic39@hotmail.com}	{Cielo.Reinger@yahoo.com}	{Lance74@gmail.com,Candida79@gmail.com}	383.72	monthly	2024-09-14T22:30:27.859Z	2025-03-24T22:34:37.153Z
\.
    

COPY public.organization_to_feed (id, feed_id, organization_id, access_until, dashboard_url, delivery_method, delivery_config, success_emails, fail_emails, schema_update_emails, billing_amount, billing_frequency, created_at, updated_at) FROM stdin;
3	57	77	2026-02-05T23:52:26.346Z	https://hasty-singing.name	sftp	{"endpoint":"https://agitated-bakeware.net","apiKey":"439de53b-9ec8-47af-b74b-d480e8c87bcc","format":"csv"}	{Major.Zemlak91@gmail.com,Johann_Conn96@gmail.com}	{Luz.Runte@hotmail.com}	{Lester49@hotmail.com,Melody_Franecki92@gmail.com}	158.32	monthly	2024-08-25T02:01:17.644Z	2025-03-29T03:46:28.829Z
\.
    

COPY public.organization_to_feed (id, feed_id, organization_id, access_until, dashboard_url, delivery_method, delivery_config, success_emails, fail_emails, schema_update_emails, billing_amount, billing_frequency, created_at, updated_at) FROM stdin;
4	93	27	2025-06-04T20:13:32.866Z	https://deafening-excess.name/	email	{"endpoint":"https://negative-decryption.org/","apiKey":"2b46990d-9c61-4716-aafb-4576f0496985","format":"json"}	{Antwon_Denesik@gmail.com,Kathryn27@yahoo.com}	{Leta.Kozey8@hotmail.com}	{Nikki.Wiza@yahoo.com,Khalil.Hand@gmail.com}	816.93	monthly	2024-08-09T08:03:44.882Z	2025-03-20T08:48:09.406Z
\.
    

COPY public.organization_to_feed (id, feed_id, organization_id, access_until, dashboard_url, delivery_method, delivery_config, success_emails, fail_emails, schema_update_emails, billing_amount, billing_frequency, created_at, updated_at) FROM stdin;
5	82	29	2025-12-14T03:46:52.643Z	https://jumbo-bidet.net	sftp	{"endpoint":"https://ethical-sustenance.info/","apiKey":"0f7b9289-47a9-488f-be7e-bdee3ce7b2c9","format":"xml"}	{Anita_Murazik18@yahoo.com,Darian14@yahoo.com}	{Destiny12@gmail.com}	{Marisa.Orn@gmail.com,Retta.Russel32@hotmail.com}	366.36	yearly	2024-12-18T01:16:02.345Z	2025-04-13T13:17:37.821Z
\.
    

COPY public.organization_to_feed (id, feed_id, organization_id, access_until, dashboard_url, delivery_method, delivery_config, success_emails, fail_emails, schema_update_emails, billing_amount, billing_frequency, created_at, updated_at) FROM stdin;
6	29	19	2025-11-24T05:18:35.998Z	https://advanced-ghost.name	api	{"endpoint":"https://ragged-excess.org/","apiKey":"45f1527c-1ec0-4d63-a74f-07889d7afa8e","format":"json"}	{Adrien.Spinka@yahoo.com,Domenico.Lakin71@yahoo.com}	{Waino.Monahan67@hotmail.com}	{Florine_Strosin68@hotmail.com,Orlando.OHara@gmail.com}	916.25	yearly	2024-10-15T23:53:42.446Z	2025-03-30T07:27:29.267Z
\.
    

COPY public.organization_to_feed (id, feed_id, organization_id, access_until, dashboard_url, delivery_method, delivery_config, success_emails, fail_emails, schema_update_emails, billing_amount, billing_frequency, created_at, updated_at) FROM stdin;
7	88	44	2026-01-11T23:01:02.501Z	https://unfinished-whale.name/	sftp	{"endpoint":"https://advanced-embarrassment.biz","apiKey":"47bdcbb3-bd33-437b-b1fe-17f5bcf5fd17","format":"json"}	{Nora.Leffler85@hotmail.com,Jazlyn.Stark@yahoo.com}	{Alexanne.Murphy@hotmail.com}	{Toy.Ruecker14@yahoo.com,Blair_Sanford@yahoo.com}	879.83	yearly	2025-03-14T13:08:42.223Z	2025-04-06T21:24:59.567Z
\.
    

COPY public.organization_to_feed (id, feed_id, organization_id, access_until, dashboard_url, delivery_method, delivery_config, success_emails, fail_emails, schema_update_emails, billing_amount, billing_frequency, created_at, updated_at) FROM stdin;
8	27	25	2025-10-22T01:19:27.126Z	https://delectable-clavicle.net/	email	{"endpoint":"https://messy-overload.info/","apiKey":"97e1ec88-d613-464e-b3f6-bd382fa63670","format":"xml"}	{Earline71@gmail.com,Maxine.Spinka9@gmail.com}	{Ned48@yahoo.com}	{Melany.Barton70@gmail.com,General9@yahoo.com}	443.36	monthly	2024-11-13T17:24:08.061Z	2025-03-26T22:31:39.678Z
\.
    

COPY public.organization_to_feed (id, feed_id, organization_id, access_until, dashboard_url, delivery_method, delivery_config, success_emails, fail_emails, schema_update_emails, billing_amount, billing_frequency, created_at, updated_at) FROM stdin;
9	100	82	2025-10-07T12:59:44.476Z	https://poor-incandescence.info/	email	{"endpoint":"https://considerate-diagram.org","apiKey":"cbee6aea-6567-4753-8d6b-63ddc923465f","format":"xml"}	{Modesto66@yahoo.com,Jayden4@gmail.com}	{Rachael77@yahoo.com}	{Calista38@hotmail.com,Billie_Rath@gmail.com}	642.24	yearly	2024-05-07T07:59:42.844Z	2025-04-08T00:03:10.080Z
\.
    

COPY public.organization_to_feed (id, feed_id, organization_id, access_until, dashboard_url, delivery_method, delivery_config, success_emails, fail_emails, schema_update_emails, billing_amount, billing_frequency, created_at, updated_at) FROM stdin;
10	44	78	2026-03-26T09:11:18.985Z	https://separate-phrase.com	email	{"endpoint":"https://athletic-starboard.info","apiKey":"a25b39fd-ec46-4d8a-9baa-77f9eb72d96e","format":"csv"}	{Dario_Hoeger@gmail.com,Elian.Hickle62@hotmail.com}	{Amparo8@gmail.com}	{Verda_Sipes90@gmail.com,Adela_Moore@gmail.com}	953.54	yearly	2024-08-30T22:10:03.439Z	2025-03-25T08:36:41.198Z
\.
    

COPY public.organization_to_feed (id, feed_id, organization_id, access_until, dashboard_url, delivery_method, delivery_config, success_emails, fail_emails, schema_update_emails, billing_amount, billing_frequency, created_at, updated_at) FROM stdin;
11	49	71	2025-05-05T11:30:52.597Z	https://considerate-alert.name	email	{"endpoint":"https://decent-millet.org","apiKey":"1eeb4060-3204-4221-9c00-24bba590b062","format":"csv"}	{Anastacio40@yahoo.com,Shakira.Erdman-Labadie27@gmail.com}	{Ruthe78@hotmail.com}	{Josie_Bayer40@gmail.com,Summer_Hilpert48@gmail.com}	388.72	yearly	2025-03-02T03:08:10.875Z	2025-03-15T12:59:34.368Z
\.
    

COPY public.organization_to_feed (id, feed_id, organization_id, access_until, dashboard_url, delivery_method, delivery_config, success_emails, fail_emails, schema_update_emails, billing_amount, billing_frequency, created_at, updated_at) FROM stdin;
12	36	36	2025-09-07T02:59:43.030Z	https://idolized-flame.info/	email	{"endpoint":"https://trained-incandescence.com","apiKey":"7d547ee5-3d7f-455a-aa97-8870f7e21350","format":"xml"}	{Erling_Barton@yahoo.com,Chet_Larkin2@yahoo.com}	{Henderson53@yahoo.com}	{Kane58@hotmail.com,Noel42@yahoo.com}	428.81	monthly	2024-08-01T17:30:16.092Z	2025-03-28T05:39:17.976Z
\.
    

COPY public.organization_to_feed (id, feed_id, organization_id, access_until, dashboard_url, delivery_method, delivery_config, success_emails, fail_emails, schema_update_emails, billing_amount, billing_frequency, created_at, updated_at) FROM stdin;
13	4	22	2025-05-05T07:36:28.508Z	https://angelic-wriggler.com/	sftp	{"endpoint":"https://agreeable-cap.biz","apiKey":"37e3890d-d567-4049-b7c2-7f5a96f90ccf","format":"json"}	{Duncan76@gmail.com,Christine26@yahoo.com}	{Chet_Pfeffer@gmail.com}	{Lane_Harris75@yahoo.com,Mylene5@hotmail.com}	435.37	monthly	2025-01-14T22:42:35.529Z	2025-03-27T15:34:49.601Z
\.
    

COPY public.organization_to_feed (id, feed_id, organization_id, access_until, dashboard_url, delivery_method, delivery_config, success_emails, fail_emails, schema_update_emails, billing_amount, billing_frequency, created_at, updated_at) FROM stdin;
14	48	87	2025-08-29T04:18:15.632Z	https://unwieldy-shipper.com/	sftp	{"endpoint":"https://last-brook.org","apiKey":"a3ffe0b3-8ef3-4128-89fd-601eb9fb7625","format":"xml"}	{Lazaro_Ratke@gmail.com,Travis51@yahoo.com}	{Moses_Stehr84@hotmail.com}	{Jorge70@hotmail.com,Ella67@gmail.com}	161.46	yearly	2024-11-03T00:10:51.463Z	2025-03-20T05:31:51.869Z
\.
    

COPY public.organization_to_feed (id, feed_id, organization_id, access_until, dashboard_url, delivery_method, delivery_config, success_emails, fail_emails, schema_update_emails, billing_amount, billing_frequency, created_at, updated_at) FROM stdin;
15	57	75	2025-05-03T07:55:12.738Z	https://exhausted-antelope.org/	sftp	{"endpoint":"https://superficial-version.name/","apiKey":"6ef4d0aa-971a-4d27-950b-f27a6e186a8f","format":"xml"}	{Maximillia78@hotmail.com,Tia71@hotmail.com}	{Buford38@gmail.com}	{Freeda46@yahoo.com,Myrtle22@yahoo.com}	801.68	monthly	2025-01-30T08:09:27.738Z	2025-03-18T05:06:34.586Z
\.
    

COPY public.organization_to_feed (id, feed_id, organization_id, access_until, dashboard_url, delivery_method, delivery_config, success_emails, fail_emails, schema_update_emails, billing_amount, billing_frequency, created_at, updated_at) FROM stdin;
16	61	70	2025-10-08T09:44:44.919Z	https://french-sundae.com	api	{"endpoint":"https://normal-ceramics.net/","apiKey":"76a74708-1f80-4a63-8dd3-776963031fd4","format":"json"}	{Kailee_Connelly@gmail.com,Darien51@yahoo.com}	{America_Brekke@yahoo.com}	{Alycia.MacGyver63@yahoo.com,Kelton_Johnson64@gmail.com}	729.71	monthly	2025-01-27T14:24:42.099Z	2025-04-10T05:58:45.108Z
\.
    

COPY public.organization_to_feed (id, feed_id, organization_id, access_until, dashboard_url, delivery_method, delivery_config, success_emails, fail_emails, schema_update_emails, billing_amount, billing_frequency, created_at, updated_at) FROM stdin;
17	26	18	2025-04-16T21:27:41.453Z	https://woeful-footrest.info/	email	{"endpoint":"https://talkative-decision.com","apiKey":"85df9093-2e99-43f0-85f4-c4434ddcc7bd","format":"json"}	{Royal_Daugherty@gmail.com,Kirstin.Schulist@hotmail.com}	{Sheridan31@hotmail.com}	{Ansley_Trantow@hotmail.com,Xzavier19@yahoo.com}	339.4	monthly	2024-06-13T18:43:56.892Z	2025-03-20T15:46:42.938Z
\.
    

COPY public.organization_to_feed (id, feed_id, organization_id, access_until, dashboard_url, delivery_method, delivery_config, success_emails, fail_emails, schema_update_emails, billing_amount, billing_frequency, created_at, updated_at) FROM stdin;
18	70	5	2025-07-01T07:24:07.384Z	https://bossy-restaurant.name	api	{"endpoint":"https://similar-wear.name/","apiKey":"c6c621c0-0999-4e28-aa4e-6bb27b766c7a","format":"json"}	{Marian.Greenholt26@yahoo.com,Demarcus_Lockman@yahoo.com}	{Kariane.Ernser65@yahoo.com}	{Lucious79@gmail.com,Carrie_Flatley5@yahoo.com}	806.78	yearly	2025-03-02T08:29:30.134Z	2025-04-10T04:29:41.552Z
\.
    

COPY public.organization_to_feed (id, feed_id, organization_id, access_until, dashboard_url, delivery_method, delivery_config, success_emails, fail_emails, schema_update_emails, billing_amount, billing_frequency, created_at, updated_at) FROM stdin;
19	39	15	2025-11-29T12:41:33.228Z	https://wordy-stall.net/	email	{"endpoint":"https://nifty-receptor.biz","apiKey":"bcd6d926-bab6-4410-a727-a36464e08687","format":"xml"}	{Lilian.Kohler18@gmail.com,Arch.Quigley@hotmail.com}	{Kenyatta73@gmail.com}	{Quentin86@yahoo.com,Evans_Gutkowski39@hotmail.com}	950.92	yearly	2024-10-25T05:19:30.916Z	2025-04-01T01:40:11.514Z
\.
    

COPY public.organization_to_feed (id, feed_id, organization_id, access_until, dashboard_url, delivery_method, delivery_config, success_emails, fail_emails, schema_update_emails, billing_amount, billing_frequency, created_at, updated_at) FROM stdin;
20	2	91	2025-08-06T10:34:31.289Z	https://pleasant-fraudster.org/	api	{"endpoint":"https://youthful-deed.com","apiKey":"d4934a0a-cfa8-4e88-b097-1bdba5954595","format":"json"}	{Lola_Watsica66@hotmail.com,Freeda_Zboncak63@yahoo.com}	{Cleta_Sawayn@yahoo.com}	{Brionna.Thiel4@gmail.com,Lillian71@hotmail.com}	603.92	yearly	2024-09-13T00:12:27.525Z	2025-03-19T22:25:44.688Z
\.
    

COPY public.organization_to_feed (id, feed_id, organization_id, access_until, dashboard_url, delivery_method, delivery_config, success_emails, fail_emails, schema_update_emails, billing_amount, billing_frequency, created_at, updated_at) FROM stdin;
21	25	24	2025-07-02T11:30:09.983Z	https://prudent-ignorance.name	email	{"endpoint":"https://insecure-cruelty.org","apiKey":"8b4b5843-90bf-47de-a580-4d9e11dc8e50","format":"xml"}	{Braulio.Sanford71@yahoo.com,Jermain96@gmail.com}	{Garth.Bartoletti@hotmail.com}	{Percy.Windler34@gmail.com,Lila_Kessler@hotmail.com}	309.99	yearly	2024-10-13T16:34:44.305Z	2025-03-15T23:40:15.045Z
\.
    

COPY public.organization_to_feed (id, feed_id, organization_id, access_until, dashboard_url, delivery_method, delivery_config, success_emails, fail_emails, schema_update_emails, billing_amount, billing_frequency, created_at, updated_at) FROM stdin;
22	57	3	2026-02-27T11:19:32.836Z	https://mean-bookend.biz	api	{"endpoint":"https://nimble-desk.name/","apiKey":"f24f6785-5617-4ac7-947b-bbfa17d88466","format":"xml"}	{Rickie.Gottlieb@gmail.com,Ephraim93@gmail.com}	{Eldred53@gmail.com}	{Libbie0@hotmail.com,Howell_Little@yahoo.com}	761.02	monthly	2025-04-10T05:37:00.556Z	2025-04-03T08:37:21.278Z
\.
    

COPY public.organization_to_feed (id, feed_id, organization_id, access_until, dashboard_url, delivery_method, delivery_config, success_emails, fail_emails, schema_update_emails, billing_amount, billing_frequency, created_at, updated_at) FROM stdin;
23	58	72	2025-06-29T13:12:00.312Z	https://knotty-pear.name/	email	{"endpoint":"https://subdued-diver.biz","apiKey":"aa1851df-d80f-4597-8728-58013c6770a7","format":"json"}	{Anya.Orn63@hotmail.com,Breanne_Schumm@yahoo.com}	{Jaylen_Sauer48@gmail.com}	{Nicolette_Gerhold89@hotmail.com,Delphine_Schumm@yahoo.com}	950.68	monthly	2024-08-16T22:21:38.729Z	2025-03-21T22:09:39.417Z
\.
    

COPY public.organization_to_feed (id, feed_id, organization_id, access_until, dashboard_url, delivery_method, delivery_config, success_emails, fail_emails, schema_update_emails, billing_amount, billing_frequency, created_at, updated_at) FROM stdin;
24	42	27	2026-04-04T00:47:18.949Z	https://next-oil.name	api	{"endpoint":"https://shiny-co-producer.biz","apiKey":"381fadd9-077a-4a86-9164-a20bb47769de","format":"xml"}	{Audrey.Fay@hotmail.com,Alexandrine_Gleason@yahoo.com}	{Wilmer.Franey@gmail.com}	{Cielo17@hotmail.com,Geo96@gmail.com}	254.87	monthly	2024-06-14T12:19:28.979Z	2025-03-18T14:59:56.794Z
\.
    

COPY public.organization_to_feed (id, feed_id, organization_id, access_until, dashboard_url, delivery_method, delivery_config, success_emails, fail_emails, schema_update_emails, billing_amount, billing_frequency, created_at, updated_at) FROM stdin;
25	11	47	2025-07-31T12:33:37.659Z	https://paltry-republican.com	sftp	{"endpoint":"https://lost-median.net/","apiKey":"55b6a8c2-8c06-444e-aa33-057de355075f","format":"xml"}	{Alex.Krajcik@hotmail.com,Cristina33@gmail.com}	{Francesca.Bernhard21@gmail.com}	{Lucie28@yahoo.com,Francesco_Strosin67@gmail.com}	236.96	monthly	2024-10-11T08:47:51.041Z	2025-03-28T02:40:25.372Z
\.
    

COPY public.organization_to_feed (id, feed_id, organization_id, access_until, dashboard_url, delivery_method, delivery_config, success_emails, fail_emails, schema_update_emails, billing_amount, billing_frequency, created_at, updated_at) FROM stdin;
26	47	29	2026-03-13T03:17:47.143Z	https://necessary-gymnast.name/	api	{"endpoint":"https://stable-advancement.com","apiKey":"c8556166-fb58-48ed-bc15-37ee85dc939f","format":"xml"}	{Bart_Emmerich@yahoo.com,Theresa40@hotmail.com}	{Mabel.Bogan@hotmail.com}	{Linwood22@yahoo.com,Cleora9@hotmail.com}	520.96	yearly	2025-03-14T02:10:29.007Z	2025-03-17T21:53:52.975Z
\.
    

COPY public.organization_to_feed (id, feed_id, organization_id, access_until, dashboard_url, delivery_method, delivery_config, success_emails, fail_emails, schema_update_emails, billing_amount, billing_frequency, created_at, updated_at) FROM stdin;
27	60	94	2025-06-16T22:37:22.761Z	https://basic-brochure.info/	api	{"endpoint":"https://vengeful-gown.org/","apiKey":"0a8cc3d2-4b43-4e39-a233-7feb8e461566","format":"json"}	{Dannie.Pfannerstill19@hotmail.com,Edwina_Lemke@yahoo.com}	{Vincenza47@yahoo.com}	{Viviane.Heller@hotmail.com,Sebastian.McGlynn@hotmail.com}	309.01	yearly	2024-09-05T18:00:38.946Z	2025-03-22T15:19:31.379Z
\.
    

COPY public.organization_to_feed (id, feed_id, organization_id, access_until, dashboard_url, delivery_method, delivery_config, success_emails, fail_emails, schema_update_emails, billing_amount, billing_frequency, created_at, updated_at) FROM stdin;
28	50	95	2026-03-25T17:33:36.740Z	https://superb-independence.com/	email	{"endpoint":"https://livid-bench.info","apiKey":"e9ae1a0d-521c-49dc-9c9d-cdd9206c8cac","format":"csv"}	{Ariel_Wisoky56@hotmail.com,Ena.Morissette-Harber40@yahoo.com}	{Yesenia6@yahoo.com}	{Terrill92@yahoo.com,Casey_Prohaska7@hotmail.com}	230.6	yearly	2024-08-18T04:13:53.807Z	2025-03-28T16:54:04.571Z
\.
    

COPY public.organization_to_feed (id, feed_id, organization_id, access_until, dashboard_url, delivery_method, delivery_config, success_emails, fail_emails, schema_update_emails, billing_amount, billing_frequency, created_at, updated_at) FROM stdin;
29	66	3	2025-12-06T22:38:16.792Z	https://red-exterior.info/	email	{"endpoint":"https://ignorant-tune-up.org","apiKey":"494aab4a-4154-43dc-b0fd-8cf93c41d4ac","format":"csv"}	{Della_Wiza@gmail.com,Sidney48@yahoo.com}	{Jermaine.Ratke40@hotmail.com}	{Rubye.Senger87@yahoo.com,Marshall96@gmail.com}	849.8	yearly	2025-04-01T14:45:31.488Z	2025-04-01T07:21:53.420Z
\.
    

COPY public.organization_to_feed (id, feed_id, organization_id, access_until, dashboard_url, delivery_method, delivery_config, success_emails, fail_emails, schema_update_emails, billing_amount, billing_frequency, created_at, updated_at) FROM stdin;
30	85	81	2025-09-10T01:09:35.711Z	https://scary-mixture.biz/	sftp	{"endpoint":"https://willing-resource.biz/","apiKey":"7c997e1c-002e-4388-8521-7ffa742a44b9","format":"json"}	{Oral.Welch@hotmail.com,Charley.Gibson56@yahoo.com}	{Alec_Ernser@yahoo.com}	{Johnathon.Hettinger@yahoo.com,Dexter.Mraz62@gmail.com}	894.83	monthly	2025-02-08T18:51:25.496Z	2025-03-22T05:21:25.208Z
\.
    

COPY public.organization_to_feed (id, feed_id, organization_id, access_until, dashboard_url, delivery_method, delivery_config, success_emails, fail_emails, schema_update_emails, billing_amount, billing_frequency, created_at, updated_at) FROM stdin;
31	91	84	2025-09-24T11:48:35.153Z	https://insistent-making.biz	sftp	{"endpoint":"https://juvenile-redesign.name/","apiKey":"42cba438-0a44-4aa1-8416-2a3a67f4ca3b","format":"csv"}	{Piper.Raynor@gmail.com,Myra_West31@gmail.com}	{Khalid_Herman0@gmail.com}	{Darrel49@hotmail.com,Reva_Kuhn45@gmail.com}	388.71	monthly	2025-01-06T07:57:05.294Z	2025-03-29T00:11:39.035Z
\.
    

COPY public.organization_to_feed (id, feed_id, organization_id, access_until, dashboard_url, delivery_method, delivery_config, success_emails, fail_emails, schema_update_emails, billing_amount, billing_frequency, created_at, updated_at) FROM stdin;
32	97	93	2025-09-18T20:38:45.544Z	https://judicious-markup.net	sftp	{"endpoint":"https://punctual-nightlife.org/","apiKey":"8d957652-6464-41f6-a354-4050c8e36d2c","format":"json"}	{Dorcas_Lowe68@gmail.com,Louie_Bartell@yahoo.com}	{Caleb_Ziemann@hotmail.com}	{Roma20@yahoo.com,Collin_Krajcik@yahoo.com}	935.56	monthly	2024-11-13T00:28:31.531Z	2025-03-27T21:45:46.528Z
\.
    

COPY public.organization_to_feed (id, feed_id, organization_id, access_until, dashboard_url, delivery_method, delivery_config, success_emails, fail_emails, schema_update_emails, billing_amount, billing_frequency, created_at, updated_at) FROM stdin;
33	19	59	2025-08-20T15:08:10.669Z	https://doting-department.biz/	sftp	{"endpoint":"https://scary-necklace.info","apiKey":"78f318fa-472c-457f-85bd-2c446226e681","format":"xml"}	{Eden_Abbott@hotmail.com,Reese91@hotmail.com}	{Mariah47@yahoo.com}	{Rosalinda53@gmail.com,Callie37@gmail.com}	351.89	yearly	2024-05-10T09:07:44.891Z	2025-04-11T04:48:10.842Z
\.
    

COPY public.organization_to_feed (id, feed_id, organization_id, access_until, dashboard_url, delivery_method, delivery_config, success_emails, fail_emails, schema_update_emails, billing_amount, billing_frequency, created_at, updated_at) FROM stdin;
34	10	71	2025-05-08T23:35:30.562Z	https://overdue-obligation.info/	sftp	{"endpoint":"https://interesting-testimonial.com/","apiKey":"3bbaba85-4acb-437a-8d04-a9fe2cf0b23a","format":"csv"}	{Unique.Strosin11@yahoo.com,Jerod_Morar@yahoo.com}	{Zelda_Predovic24@gmail.com}	{Florine_McGlynn73@hotmail.com,Dayana_Kub35@yahoo.com}	782.91	yearly	2024-10-16T07:26:15.536Z	2025-04-06T04:33:50.751Z
\.
    

COPY public.organization_to_feed (id, feed_id, organization_id, access_until, dashboard_url, delivery_method, delivery_config, success_emails, fail_emails, schema_update_emails, billing_amount, billing_frequency, created_at, updated_at) FROM stdin;
35	57	43	2025-06-25T12:55:39.300Z	https://insecure-couch.name	api	{"endpoint":"https://tempting-gradient.name","apiKey":"219c8348-b0ab-4094-9bf8-7c750af76924","format":"xml"}	{Julio.Feeney50@yahoo.com,Eladio_Treutel@gmail.com}	{Theo_Olson@yahoo.com}	{Elvera_Nikolaus67@hotmail.com,Taylor36@hotmail.com}	680.44	monthly	2024-04-15T11:50:22.405Z	2025-04-12T06:04:58.632Z
\.
    

COPY public.organization_to_feed (id, feed_id, organization_id, access_until, dashboard_url, delivery_method, delivery_config, success_emails, fail_emails, schema_update_emails, billing_amount, billing_frequency, created_at, updated_at) FROM stdin;
36	100	77	2025-10-11T21:39:12.359Z	https://indolent-stitcher.com	api	{"endpoint":"https://neighboring-confusion.net/","apiKey":"48c226c6-6214-4df8-bcbf-9c099f68ba13","format":"json"}	{Doris43@yahoo.com,Stewart69@gmail.com}	{Eliza_Harber-Hermann@hotmail.com}	{Joe79@gmail.com,Darion.Murray@hotmail.com}	770.32	monthly	2024-06-15T06:15:24.584Z	2025-03-23T12:20:30.814Z
\.
    

COPY public.organization_to_feed (id, feed_id, organization_id, access_until, dashboard_url, delivery_method, delivery_config, success_emails, fail_emails, schema_update_emails, billing_amount, billing_frequency, created_at, updated_at) FROM stdin;
37	77	62	2025-09-11T09:00:57.249Z	https://hospitable-membership.biz	sftp	{"endpoint":"https://perfumed-haversack.net","apiKey":"3b0e60bd-e702-40d0-a892-46d48c321bdc","format":"csv"}	{Christian.Legros@gmail.com,Zackery_Paucek41@yahoo.com}	{Nils.Nicolas94@yahoo.com}	{Delores_Emard@gmail.com,Sabryna_Steuber@gmail.com}	649.71	yearly	2024-04-28T16:04:10.017Z	2025-04-13T18:44:17.136Z
\.
    

COPY public.organization_to_feed (id, feed_id, organization_id, access_until, dashboard_url, delivery_method, delivery_config, success_emails, fail_emails, schema_update_emails, billing_amount, billing_frequency, created_at, updated_at) FROM stdin;
38	17	68	2025-08-25T03:18:47.716Z	https://unwilling-netsuke.com	sftp	{"endpoint":"https://ripe-ownership.net/","apiKey":"c957dde7-21eb-4e16-962b-f11e6cb2caed","format":"json"}	{Rosalind91@yahoo.com,Preston75@gmail.com}	{Cristobal_Grady92@gmail.com}	{Ellsworth_Hilll@hotmail.com,Christy.Williamson@hotmail.com}	988.88	yearly	2024-06-15T00:50:11.684Z	2025-04-01T04:17:00.720Z
\.
    

COPY public.organization_to_feed (id, feed_id, organization_id, access_until, dashboard_url, delivery_method, delivery_config, success_emails, fail_emails, schema_update_emails, billing_amount, billing_frequency, created_at, updated_at) FROM stdin;
39	97	59	2025-05-23T12:02:03.666Z	https://fearless-backburn.org	sftp	{"endpoint":"https://raw-tennis.org/","apiKey":"8e7aa79f-621a-4828-9f08-1942321d1679","format":"xml"}	{Breanne22@gmail.com,Mariela38@hotmail.com}	{Alf_Upton@yahoo.com}	{Zena.Thompson@hotmail.com,Tyrell_Rempel@hotmail.com}	136.01	yearly	2024-06-14T05:59:19.303Z	2025-03-18T20:44:39.644Z
\.
    

COPY public.organization_to_feed (id, feed_id, organization_id, access_until, dashboard_url, delivery_method, delivery_config, success_emails, fail_emails, schema_update_emails, billing_amount, billing_frequency, created_at, updated_at) FROM stdin;
40	47	27	2025-04-16T04:52:38.349Z	https://warped-siege.biz	api	{"endpoint":"https://tragic-technician.name","apiKey":"866f225a-9774-4551-ba20-3fd8a6087c49","format":"xml"}	{Cheyanne8@gmail.com,Corene.Daugherty@yahoo.com}	{Kaley.Walter-McGlynn11@gmail.com}	{Natasha.Schroeder83@yahoo.com,Clyde.Stanton@gmail.com}	877.83	yearly	2024-08-22T19:27:51.900Z	2025-04-09T22:43:40.243Z
\.
    

COPY public.organization_to_feed (id, feed_id, organization_id, access_until, dashboard_url, delivery_method, delivery_config, success_emails, fail_emails, schema_update_emails, billing_amount, billing_frequency, created_at, updated_at) FROM stdin;
41	34	45	2026-01-29T11:14:09.569Z	https://diligent-dead.biz	email	{"endpoint":"https://sad-juggernaut.com","apiKey":"77cda4b3-254c-4148-bbe5-741f997ffa1a","format":"csv"}	{Keely46@gmail.com,Arnoldo.Bartoletti@yahoo.com}	{Chaya.Dibbert33@hotmail.com}	{Clint.Cruickshank@yahoo.com,Tamia.Pollich71@gmail.com}	410.4	monthly	2025-03-01T06:44:08.702Z	2025-03-15T03:20:13.501Z
\.
    

COPY public.organization_to_feed (id, feed_id, organization_id, access_until, dashboard_url, delivery_method, delivery_config, success_emails, fail_emails, schema_update_emails, billing_amount, billing_frequency, created_at, updated_at) FROM stdin;
42	79	35	2025-08-18T07:58:32.347Z	https://criminal-stool.com/	api	{"endpoint":"https://zesty-eyebrow.com","apiKey":"c2cb460c-9ce9-4b41-9663-d6551f7f54f0","format":"json"}	{Sonya92@gmail.com,Jules38@hotmail.com}	{Loma84@gmail.com}	{Princess33@gmail.com,Nadia.Hammes3@yahoo.com}	542.58	yearly	2024-11-02T10:23:18.160Z	2025-03-20T21:34:42.911Z
\.
    

COPY public.organization_to_feed (id, feed_id, organization_id, access_until, dashboard_url, delivery_method, delivery_config, success_emails, fail_emails, schema_update_emails, billing_amount, billing_frequency, created_at, updated_at) FROM stdin;
43	4	11	2025-05-25T10:22:17.195Z	https://specific-riser.net	sftp	{"endpoint":"https://some-language.com","apiKey":"0330bac2-f362-42f7-bd4f-809c298a5941","format":"json"}	{Elinore_Schroeder15@gmail.com,Jeremie.Hintz@gmail.com}	{Litzy_McCullough45@yahoo.com}	{Jarrett_Rodriguez@hotmail.com,Orlo.Cassin2@yahoo.com}	160.5	yearly	2024-10-19T15:08:24.484Z	2025-04-13T04:25:53.655Z
\.
    

COPY public.organization_to_feed (id, feed_id, organization_id, access_until, dashboard_url, delivery_method, delivery_config, success_emails, fail_emails, schema_update_emails, billing_amount, billing_frequency, created_at, updated_at) FROM stdin;
44	34	56	2025-06-30T05:51:04.336Z	https://hurtful-straw.info	api	{"endpoint":"https://negative-trick.com/","apiKey":"63fd870c-96e6-4fa4-a3f2-8e3ee811c8be","format":"xml"}	{Arne_Bahringer@gmail.com,Norbert.Cummerata41@gmail.com}	{Ethel29@hotmail.com}	{Brando.Dooley@hotmail.com,Charlene.Russel@yahoo.com}	421.13	monthly	2024-12-25T00:04:30.529Z	2025-04-12T16:32:48.756Z
\.
    

COPY public.organization_to_feed (id, feed_id, organization_id, access_until, dashboard_url, delivery_method, delivery_config, success_emails, fail_emails, schema_update_emails, billing_amount, billing_frequency, created_at, updated_at) FROM stdin;
45	66	1	2025-10-24T12:11:50.330Z	https://supportive-pleasure.org/	sftp	{"endpoint":"https://back-orchid.name/","apiKey":"0016d468-e31e-4c32-baa6-556bc7192969","format":"csv"}	{Lydia80@hotmail.com,Neal38@hotmail.com}	{Easton93@yahoo.com}	{Kira_Grant31@gmail.com,Samson.Marvin@yahoo.com}	905.46	monthly	2024-09-11T23:11:41.955Z	2025-04-05T16:04:58.756Z
\.
    

COPY public.organization_to_feed (id, feed_id, organization_id, access_until, dashboard_url, delivery_method, delivery_config, success_emails, fail_emails, schema_update_emails, billing_amount, billing_frequency, created_at, updated_at) FROM stdin;
46	21	75	2025-06-16T14:59:19.384Z	https://grown-director.info	email	{"endpoint":"https://shoddy-sandbar.biz/","apiKey":"d5891dd2-06d0-44a3-b41d-b50dcc6b45ad","format":"csv"}	{Lilly17@gmail.com,Israel.Lebsack@hotmail.com}	{Hosea85@hotmail.com}	{Robert.Schinner@hotmail.com,Anya_Conn@yahoo.com}	164.05	monthly	2024-04-13T22:32:06.230Z	2025-03-23T03:09:17.261Z
\.
    

COPY public.organization_to_feed (id, feed_id, organization_id, access_until, dashboard_url, delivery_method, delivery_config, success_emails, fail_emails, schema_update_emails, billing_amount, billing_frequency, created_at, updated_at) FROM stdin;
47	95	74	2025-06-10T07:49:40.570Z	https://fine-napkin.name	sftp	{"endpoint":"https://sophisticated-freckle.com","apiKey":"149ebb72-4cfc-4b62-81bf-01b106196d73","format":"xml"}	{Alberto47@gmail.com,Liana_Wiegand@yahoo.com}	{Rocio49@hotmail.com}	{Glenna.Nitzsche@gmail.com,Roman_Koch@hotmail.com}	355.6	monthly	2024-10-11T19:13:06.366Z	2025-03-27T06:14:20.195Z
\.
    

COPY public.organization_to_feed (id, feed_id, organization_id, access_until, dashboard_url, delivery_method, delivery_config, success_emails, fail_emails, schema_update_emails, billing_amount, billing_frequency, created_at, updated_at) FROM stdin;
48	36	15	2025-07-31T16:55:25.931Z	https://blaring-runway.info/	sftp	{"endpoint":"https://shimmering-swing.info","apiKey":"b9c12051-51f5-4e17-ad64-2a16dc4482b8","format":"xml"}	{Arvel_Towne@hotmail.com,Abbigail.Kulas87@hotmail.com}	{Sandy.Cassin7@yahoo.com}	{Myra.Labadie@hotmail.com,Beverly68@hotmail.com}	864	yearly	2024-12-29T20:10:19.992Z	2025-03-19T08:05:21.657Z
\.
    

COPY public.organization_to_feed (id, feed_id, organization_id, access_until, dashboard_url, delivery_method, delivery_config, success_emails, fail_emails, schema_update_emails, billing_amount, billing_frequency, created_at, updated_at) FROM stdin;
49	39	28	2025-12-07T15:24:37.818Z	https://those-valuable.biz/	api	{"endpoint":"https://illiterate-vanadyl.com/","apiKey":"588c6207-f0bc-4b47-a0d2-8cc372b16f4e","format":"csv"}	{Alyson24@gmail.com,Ezekiel65@hotmail.com}	{Beaulah.Conroy80@hotmail.com}	{Emelie69@hotmail.com,Ernie.Rodriguez93@yahoo.com}	723.86	monthly	2024-10-04T14:38:47.011Z	2025-04-05T05:46:15.791Z
\.
    

COPY public.organization_to_feed (id, feed_id, organization_id, access_until, dashboard_url, delivery_method, delivery_config, success_emails, fail_emails, schema_update_emails, billing_amount, billing_frequency, created_at, updated_at) FROM stdin;
50	29	3	2025-05-16T03:50:38.076Z	https://common-ownership.org/	sftp	{"endpoint":"https://remarkable-lotion.biz","apiKey":"65a1e95f-c4d2-4f90-91e1-e48c093b6a55","format":"csv"}	{Bridie32@hotmail.com,Jaiden_Rowe@hotmail.com}	{Minerva79@yahoo.com}	{Renee.Schulist@gmail.com,Gunner_Crona@yahoo.com}	563.67	monthly	2024-11-23T07:49:17.938Z	2025-04-02T06:08:23.907Z
\.
    

COPY public.organization_to_feed (id, feed_id, organization_id, access_until, dashboard_url, delivery_method, delivery_config, success_emails, fail_emails, schema_update_emails, billing_amount, billing_frequency, created_at, updated_at) FROM stdin;
51	11	80	2026-01-02T23:10:53.030Z	https://esteemed-omelet.org/	email	{"endpoint":"https://everlasting-knuckle.com/","apiKey":"87a42507-50a9-4448-ac20-02b857958811","format":"csv"}	{Tina60@hotmail.com,Wilburn_Jerde@hotmail.com}	{Jaeden.Doyle@gmail.com}	{Buck34@gmail.com,Mary.Ziemann@hotmail.com}	302.88	yearly	2024-12-09T14:20:39.365Z	2025-04-11T10:56:36.484Z
\.
    

COPY public.organization_to_feed (id, feed_id, organization_id, access_until, dashboard_url, delivery_method, delivery_config, success_emails, fail_emails, schema_update_emails, billing_amount, billing_frequency, created_at, updated_at) FROM stdin;
52	61	95	2026-03-27T22:46:49.025Z	https://white-contractor.net	api	{"endpoint":"https://stupendous-translation.biz","apiKey":"11d61fb7-9c71-4e03-ab34-267b6a68e4dc","format":"xml"}	{Jerrell.Bechtelar65@hotmail.com,Harold.Gibson@hotmail.com}	{Rosa_Turcotte47@hotmail.com}	{Sydnie.Quigley@hotmail.com,Frederic_Block@gmail.com}	210.84	yearly	2025-01-29T20:59:37.531Z	2025-04-01T10:11:58.044Z
\.
    

COPY public.organization_to_feed (id, feed_id, organization_id, access_until, dashboard_url, delivery_method, delivery_config, success_emails, fail_emails, schema_update_emails, billing_amount, billing_frequency, created_at, updated_at) FROM stdin;
53	33	44	2025-06-18T05:22:11.819Z	https://concrete-labourer.info	sftp	{"endpoint":"https://cute-cinema.info/","apiKey":"8a35f580-6bb9-4740-a541-58a58aed84bb","format":"csv"}	{Stacey23@gmail.com,Nikki48@hotmail.com}	{Enrique28@yahoo.com}	{Trinity5@hotmail.com,Ora91@gmail.com}	735.83	yearly	2024-10-25T11:04:12.470Z	2025-04-07T02:26:43.468Z
\.
    

COPY public.organization_to_feed (id, feed_id, organization_id, access_until, dashboard_url, delivery_method, delivery_config, success_emails, fail_emails, schema_update_emails, billing_amount, billing_frequency, created_at, updated_at) FROM stdin;
54	58	23	2025-04-19T16:43:46.600Z	https://burly-minority.org	sftp	{"endpoint":"https://perfumed-clavicle.biz/","apiKey":"fa977d03-8aef-48ef-9051-9814e0408256","format":"xml"}	{Letitia51@gmail.com,Eunice50@yahoo.com}	{Jackson71@yahoo.com}	{Jewel.Dietrich@yahoo.com,Alfonzo.Ryan23@hotmail.com}	207.21	monthly	2025-04-08T18:52:35.658Z	2025-04-05T12:15:00.739Z
\.
    

COPY public.organization_to_feed (id, feed_id, organization_id, access_until, dashboard_url, delivery_method, delivery_config, success_emails, fail_emails, schema_update_emails, billing_amount, billing_frequency, created_at, updated_at) FROM stdin;
55	75	17	2025-11-14T10:01:36.304Z	https://useless-language.biz/	email	{"endpoint":"https://husky-lounge.net/","apiKey":"1795aec7-4a35-48db-81e0-833d921dcabf","format":"json"}	{Felix94@yahoo.com,Sam_Nicolas@yahoo.com}	{Juana44@yahoo.com}	{Katrine73@gmail.com,Montana.Abshire41@yahoo.com}	407.03	yearly	2024-05-25T17:12:26.439Z	2025-04-07T22:58:12.701Z
\.
    

COPY public.organization_to_feed (id, feed_id, organization_id, access_until, dashboard_url, delivery_method, delivery_config, success_emails, fail_emails, schema_update_emails, billing_amount, billing_frequency, created_at, updated_at) FROM stdin;
56	95	18	2025-04-20T16:10:12.143Z	https://evil-disk.name	sftp	{"endpoint":"https://digital-individual.com/","apiKey":"7402240e-2ca1-40b9-bfbc-3e3e2e9eb7ee","format":"xml"}	{Lorena27@gmail.com,Winston_Hackett-Kautzer0@hotmail.com}	{Norval.Bahringer59@gmail.com}	{Leslie66@yahoo.com,Paris.Cremin@gmail.com}	394.08	monthly	2025-01-19T11:31:59.348Z	2025-03-26T08:18:48.337Z
\.
    

COPY public.organization_to_feed (id, feed_id, organization_id, access_until, dashboard_url, delivery_method, delivery_config, success_emails, fail_emails, schema_update_emails, billing_amount, billing_frequency, created_at, updated_at) FROM stdin;
57	85	52	2025-05-10T21:11:32.535Z	https://grimy-grandson.biz	email	{"endpoint":"https://terrible-dependency.biz/","apiKey":"92241b1b-45c4-4b4e-b52f-465a9545b2e6","format":"json"}	{Tina_Hane@hotmail.com,Myrl2@gmail.com}	{Maximillian40@yahoo.com}	{Josh_Renner44@gmail.com,Kathleen_Weimann56@yahoo.com}	180.93	monthly	2024-05-21T22:39:10.003Z	2025-03-25T12:59:34.915Z
\.
    

COPY public.organization_to_feed (id, feed_id, organization_id, access_until, dashboard_url, delivery_method, delivery_config, success_emails, fail_emails, schema_update_emails, billing_amount, billing_frequency, created_at, updated_at) FROM stdin;
58	74	97	2026-02-09T04:43:32.307Z	https://quick-witted-coast.info/	email	{"endpoint":"https://far-flung-chiffonier.name/","apiKey":"374250f9-65f3-4534-9f18-4ec0c73a29a6","format":"json"}	{Baby_Dietrich91@yahoo.com,Serena_Powlowski39@hotmail.com}	{Elias6@gmail.com}	{Chadd68@hotmail.com,Ora79@yahoo.com}	526.35	yearly	2024-08-30T02:22:22.000Z	2025-04-09T12:54:49.468Z
\.
    

COPY public.organization_to_feed (id, feed_id, organization_id, access_until, dashboard_url, delivery_method, delivery_config, success_emails, fail_emails, schema_update_emails, billing_amount, billing_frequency, created_at, updated_at) FROM stdin;
59	42	8	2025-07-15T08:40:30.036Z	https://worst-stock.org	email	{"endpoint":"https://unlucky-swath.org","apiKey":"feacbfea-2b78-44ee-b957-001bd144bf43","format":"csv"}	{Marcelle.Stroman@gmail.com,Mallie_White@yahoo.com}	{Devante_Botsford18@hotmail.com}	{Ted_Runte59@gmail.com,Mose_Littel@gmail.com}	530.8	yearly	2024-09-25T08:21:58.771Z	2025-04-06T18:25:05.728Z
\.
    

COPY public.organization_to_feed (id, feed_id, organization_id, access_until, dashboard_url, delivery_method, delivery_config, success_emails, fail_emails, schema_update_emails, billing_amount, billing_frequency, created_at, updated_at) FROM stdin;
60	27	83	2025-11-25T10:07:37.244Z	https://delicious-bonfire.com	api	{"endpoint":"https://scaly-cutlet.org/","apiKey":"e2829a4c-0771-47b1-8f55-f30969ca5bf8","format":"xml"}	{Elijah35@yahoo.com,Edmund.Stokes@gmail.com}	{Isac.Wiza@yahoo.com}	{Virginia32@hotmail.com,Matt26@gmail.com}	797.59	yearly	2024-07-10T20:19:02.242Z	2025-04-13T13:48:32.569Z
\.
    

COPY public.organization_to_feed (id, feed_id, organization_id, access_until, dashboard_url, delivery_method, delivery_config, success_emails, fail_emails, schema_update_emails, billing_amount, billing_frequency, created_at, updated_at) FROM stdin;
61	91	34	2025-09-07T04:08:36.131Z	https://impolite-apricot.info/	sftp	{"endpoint":"https://unusual-draw.biz","apiKey":"af2bc26b-b02a-43a3-85b4-3f6d3045f798","format":"csv"}	{Hillard.Okuneva@hotmail.com,Jaclyn83@hotmail.com}	{Arvilla19@hotmail.com}	{Dion_Anderson@gmail.com,Gordon.Gislason@gmail.com}	940.66	monthly	2024-04-16T07:48:46.716Z	2025-03-17T07:18:35.591Z
\.
    

COPY public.organization_to_feed (id, feed_id, organization_id, access_until, dashboard_url, delivery_method, delivery_config, success_emails, fail_emails, schema_update_emails, billing_amount, billing_frequency, created_at, updated_at) FROM stdin;
62	95	34	2025-12-09T01:34:30.239Z	https://majestic-granny.com	sftp	{"endpoint":"https://sophisticated-asset.com","apiKey":"2dddcea2-cd61-48fe-9f05-ebed08b080e7","format":"csv"}	{Sophie.Schimmel@yahoo.com,Guido.Bosco-Rempel2@gmail.com}	{Malinda.Shanahan@hotmail.com}	{Wilbert_Huels77@yahoo.com,Elmira_Hegmann62@yahoo.com}	951.71	monthly	2025-01-17T14:11:14.797Z	2025-03-28T21:12:12.643Z
\.
    

COPY public.organization_to_feed (id, feed_id, organization_id, access_until, dashboard_url, delivery_method, delivery_config, success_emails, fail_emails, schema_update_emails, billing_amount, billing_frequency, created_at, updated_at) FROM stdin;
63	40	26	2025-08-24T10:37:02.996Z	https://front-patroller.net	sftp	{"endpoint":"https://metallic-outset.net/","apiKey":"07e69a3d-5bcd-49b8-ac43-ac7bdb30b29e","format":"xml"}	{Geovany_Armstrong@hotmail.com,Mitchell_Reichert68@hotmail.com}	{Maverick.Kemmer94@yahoo.com}	{Mason.Schumm@gmail.com,Lelah50@gmail.com}	466.23	monthly	2024-06-22T13:48:28.013Z	2025-03-31T21:59:56.410Z
\.
    

COPY public.organization_to_feed (id, feed_id, organization_id, access_until, dashboard_url, delivery_method, delivery_config, success_emails, fail_emails, schema_update_emails, billing_amount, billing_frequency, created_at, updated_at) FROM stdin;
64	54	59	2025-09-19T07:34:21.920Z	https://substantial-jazz.net	email	{"endpoint":"https://beloved-chairperson.org","apiKey":"3dd255ab-700c-4b25-a7c2-25b00b988d51","format":"xml"}	{Anastacio_Baumbach@gmail.com,Bertrand.Olson14@yahoo.com}	{Jamarcus_Stracke23@gmail.com}	{Isaiah57@hotmail.com,Terry2@gmail.com}	631.63	monthly	2024-12-15T15:26:58.643Z	2025-04-05T23:02:56.733Z
\.
    

COPY public.organization_to_feed (id, feed_id, organization_id, access_until, dashboard_url, delivery_method, delivery_config, success_emails, fail_emails, schema_update_emails, billing_amount, billing_frequency, created_at, updated_at) FROM stdin;
65	34	73	2026-02-01T20:40:57.330Z	https://grounded-ruin.com/	email	{"endpoint":"https://present-hose.org/","apiKey":"9129fee8-5d26-4393-9df9-4410bacd2ca6","format":"json"}	{Jaclyn_Gleichner@yahoo.com,Keeley85@gmail.com}	{Stuart.Spinka@hotmail.com}	{Cydney.Toy74@gmail.com,Yadira.Trantow@hotmail.com}	419.84	yearly	2024-05-14T13:18:52.044Z	2025-04-10T05:16:11.439Z
\.
    

COPY public.organization_to_feed (id, feed_id, organization_id, access_until, dashboard_url, delivery_method, delivery_config, success_emails, fail_emails, schema_update_emails, billing_amount, billing_frequency, created_at, updated_at) FROM stdin;
66	26	96	2026-04-12T20:46:27.892Z	https://funny-dividend.info	sftp	{"endpoint":"https://another-import.name","apiKey":"571c9c31-4739-4c7e-b53a-3e96c20126f9","format":"csv"}	{Adelia.Goldner84@yahoo.com,Carli.Mayert-Luettgen30@gmail.com}	{Zola.Bernier@gmail.com}	{Marian.Macejkovic44@hotmail.com,Thurman72@hotmail.com}	825.91	monthly	2025-03-22T04:23:40.756Z	2025-03-24T17:30:44.557Z
\.
    

COPY public.organization_to_feed (id, feed_id, organization_id, access_until, dashboard_url, delivery_method, delivery_config, success_emails, fail_emails, schema_update_emails, billing_amount, billing_frequency, created_at, updated_at) FROM stdin;
67	66	57	2025-05-23T11:58:04.875Z	https://another-fishery.biz	api	{"endpoint":"https://variable-sunbeam.com/","apiKey":"b69fff05-2089-441f-89df-7599dc19e7b6","format":"csv"}	{Nicola_Grimes20@gmail.com,Eudora86@yahoo.com}	{Faustino.Collier59@gmail.com}	{Eileen.Bernhard@hotmail.com,Wilhelm.OKeefe@hotmail.com}	831.7	monthly	2024-06-25T12:22:29.732Z	2025-03-29T08:07:20.591Z
\.
    

COPY public.organization_to_feed (id, feed_id, organization_id, access_until, dashboard_url, delivery_method, delivery_config, success_emails, fail_emails, schema_update_emails, billing_amount, billing_frequency, created_at, updated_at) FROM stdin;
68	51	53	2025-06-27T19:01:11.671Z	https://willing-pearl.org/	api	{"endpoint":"https://lively-heroine.net","apiKey":"6e00c603-f607-4ae9-8e54-cf8e765a1833","format":"json"}	{Annalise6@hotmail.com,Delia.Watsica@yahoo.com}	{Maymie.Yost@hotmail.com}	{Payton39@hotmail.com,Francesca53@yahoo.com}	627.64	monthly	2025-03-03T06:57:54.691Z	2025-04-08T06:27:49.528Z
\.
    

COPY public.organization_to_feed (id, feed_id, organization_id, access_until, dashboard_url, delivery_method, delivery_config, success_emails, fail_emails, schema_update_emails, billing_amount, billing_frequency, created_at, updated_at) FROM stdin;
69	88	85	2025-04-18T01:26:12.321Z	https://jealous-safe.org	api	{"endpoint":"https://blaring-tackle.com","apiKey":"6ce66a5d-35f2-4415-af15-046f36fabc82","format":"xml"}	{Nichole_Armstrong48@yahoo.com,Edmond.Heaney@yahoo.com}	{Erin.Schultz@hotmail.com}	{Jackie_King17@yahoo.com,Dannie78@yahoo.com}	539.1	yearly	2024-04-14T15:12:30.839Z	2025-03-30T20:44:30.864Z
\.
    

COPY public.organization_to_feed (id, feed_id, organization_id, access_until, dashboard_url, delivery_method, delivery_config, success_emails, fail_emails, schema_update_emails, billing_amount, billing_frequency, created_at, updated_at) FROM stdin;
70	83	76	2025-08-03T07:36:55.277Z	https://oval-tuber.name/	email	{"endpoint":"https://likely-nucleotidase.name/","apiKey":"07854b10-fc22-46dd-b5b7-391dadee73bc","format":"xml"}	{Nola49@yahoo.com,Nikita84@hotmail.com}	{Jettie_OReilly@gmail.com}	{Colin.Mitchell7@hotmail.com,Kendrick51@yahoo.com}	273.32	yearly	2024-11-06T01:58:40.599Z	2025-03-17T03:08:17.656Z
\.
    

COPY public.organization_to_feed (id, feed_id, organization_id, access_until, dashboard_url, delivery_method, delivery_config, success_emails, fail_emails, schema_update_emails, billing_amount, billing_frequency, created_at, updated_at) FROM stdin;
71	51	49	2025-08-29T03:06:14.881Z	https://odd-polarisation.info/	api	{"endpoint":"https://pessimistic-in-joke.com","apiKey":"7eb48b3d-7daa-4d9c-b7ce-d69e5a472df6","format":"xml"}	{Myron_Roob96@yahoo.com,Eloy_Hartmann52@hotmail.com}	{Angelo94@gmail.com}	{Malinda.Lueilwitz65@gmail.com,Xzavier70@yahoo.com}	454.77	yearly	2024-06-15T07:23:42.203Z	2025-04-13T04:08:34.194Z
\.
    

COPY public.organization_to_feed (id, feed_id, organization_id, access_until, dashboard_url, delivery_method, delivery_config, success_emails, fail_emails, schema_update_emails, billing_amount, billing_frequency, created_at, updated_at) FROM stdin;
72	48	53	2025-10-24T18:36:50.313Z	https://long-term-perfection.biz/	sftp	{"endpoint":"https://flawed-mozzarella.biz","apiKey":"3df6fd65-fb00-4aa5-a27c-b6b322519993","format":"xml"}	{Alf.Braun56@hotmail.com,Maximus57@yahoo.com}	{Jules94@gmail.com}	{Edwina29@yahoo.com,Richie91@yahoo.com}	805.83	monthly	2024-05-06T21:40:34.694Z	2025-04-03T14:57:07.044Z
\.
    

COPY public.organization_to_feed (id, feed_id, organization_id, access_until, dashboard_url, delivery_method, delivery_config, success_emails, fail_emails, schema_update_emails, billing_amount, billing_frequency, created_at, updated_at) FROM stdin;
73	16	99	2026-03-06T22:44:30.608Z	https://digital-gift.org/	api	{"endpoint":"https://super-taxicab.biz","apiKey":"6538d4fd-a5f9-4748-833e-659b97d258bf","format":"csv"}	{Fleta.Nolan@hotmail.com,Vickie_DAmore79@hotmail.com}	{Kari_Sanford32@yahoo.com}	{Amir85@hotmail.com,Itzel.Moore@gmail.com}	460.41	yearly	2024-05-22T17:27:42.377Z	2025-04-04T20:39:20.528Z
\.
    

COPY public.organization_to_feed (id, feed_id, organization_id, access_until, dashboard_url, delivery_method, delivery_config, success_emails, fail_emails, schema_update_emails, billing_amount, billing_frequency, created_at, updated_at) FROM stdin;
74	64	25	2025-04-25T18:54:26.792Z	https://mundane-cantaloupe.org	sftp	{"endpoint":"https://any-nun.info","apiKey":"b0eaf83b-4c75-4524-aaee-e8b61bc82b43","format":"xml"}	{Mozell91@gmail.com,Jaida.Hahn46@gmail.com}	{Zoie_Wuckert@gmail.com}	{Myrtle49@hotmail.com,Jovan49@yahoo.com}	333.7	yearly	2024-07-08T07:21:06.767Z	2025-03-30T17:11:31.633Z
\.
    

COPY public.organization_to_feed (id, feed_id, organization_id, access_until, dashboard_url, delivery_method, delivery_config, success_emails, fail_emails, schema_update_emails, billing_amount, billing_frequency, created_at, updated_at) FROM stdin;
75	22	41	2025-07-15T10:45:53.334Z	https://merry-management.net/	sftp	{"endpoint":"https://fake-e-mail.biz/","apiKey":"781a6f6a-b75e-4ed1-9f21-5c106931c136","format":"json"}	{Demarco.Leuschke@hotmail.com,Friedrich.Murazik38@yahoo.com}	{Kim.Gibson@hotmail.com}	{Constance.Denesik47@gmail.com,Anastacio_Pfannerstill96@hotmail.com}	386.62	yearly	2024-05-27T11:42:07.325Z	2025-04-04T17:46:43.132Z
\.
    

COPY public.organization_to_feed (id, feed_id, organization_id, access_until, dashboard_url, delivery_method, delivery_config, success_emails, fail_emails, schema_update_emails, billing_amount, billing_frequency, created_at, updated_at) FROM stdin;
76	11	42	2025-07-07T07:15:09.130Z	https://decent-finding.biz	sftp	{"endpoint":"https://neglected-cross-contamination.biz","apiKey":"39c4713b-452e-4c43-9d68-54a11b99e437","format":"xml"}	{Jamarcus_Wyman48@hotmail.com,Demond.Runolfsdottir61@hotmail.com}	{Abel.Witting@hotmail.com}	{Andrew_Franecki59@yahoo.com,Noemie.Medhurst@yahoo.com}	977.65	monthly	2025-04-12T07:22:44.372Z	2025-04-08T02:15:57.835Z
\.
    

COPY public.organization_to_feed (id, feed_id, organization_id, access_until, dashboard_url, delivery_method, delivery_config, success_emails, fail_emails, schema_update_emails, billing_amount, billing_frequency, created_at, updated_at) FROM stdin;
77	49	33	2025-04-22T21:39:24.392Z	https://regular-derby.biz/	email	{"endpoint":"https://gigantic-drug.biz","apiKey":"89b9d14d-6438-424d-b203-bc2306cd0171","format":"xml"}	{Wilford47@hotmail.com,Nyasia.Kuphal@gmail.com}	{Llewellyn_Hirthe@yahoo.com}	{Catharine_OKon46@gmail.com,Jaylan23@hotmail.com}	271.37	yearly	2025-03-18T11:54:03.669Z	2025-03-16T11:18:24.603Z
\.
    

COPY public.organization_to_feed (id, feed_id, organization_id, access_until, dashboard_url, delivery_method, delivery_config, success_emails, fail_emails, schema_update_emails, billing_amount, billing_frequency, created_at, updated_at) FROM stdin;
78	89	63	2026-04-06T09:31:39.309Z	https://negative-accelerator.name/	api	{"endpoint":"https://tired-cow.name","apiKey":"4d97619e-326c-402c-bdcc-b246f092ddfa","format":"xml"}	{Jaylan.Quitzon@hotmail.com,Diamond_Mosciski-Hyatt@hotmail.com}	{Paula5@yahoo.com}	{Owen57@gmail.com,Laron.Nikolaus@gmail.com}	150.32	monthly	2024-07-15T15:31:47.645Z	2025-04-07T21:43:05.652Z
\.
    

COPY public.organization_to_feed (id, feed_id, organization_id, access_until, dashboard_url, delivery_method, delivery_config, success_emails, fail_emails, schema_update_emails, billing_amount, billing_frequency, created_at, updated_at) FROM stdin;
79	58	28	2025-04-23T13:00:47.171Z	https://ecstatic-grandpa.name	sftp	{"endpoint":"https://multicolored-avalanche.name","apiKey":"be9cc2a5-9bcb-4e3c-b773-51c4bc758223","format":"json"}	{Mary25@gmail.com,Tyrell_OConnell@hotmail.com}	{Dillan41@hotmail.com}	{Domenic_Lakin@hotmail.com,Isaias_Macejkovic@hotmail.com}	642.1	yearly	2024-05-23T05:53:24.169Z	2025-03-27T16:51:04.732Z
\.
    

COPY public.organization_to_feed (id, feed_id, organization_id, access_until, dashboard_url, delivery_method, delivery_config, success_emails, fail_emails, schema_update_emails, billing_amount, billing_frequency, created_at, updated_at) FROM stdin;
80	25	25	2025-07-20T16:44:41.684Z	https://noteworthy-wedding.biz/	email	{"endpoint":"https://regal-yak.net/","apiKey":"78b6c86e-6e7f-49af-8a4b-c6ea5398c189","format":"xml"}	{Blanca.Von@gmail.com,Branson.Howe@yahoo.com}	{Autumn_Simonis@hotmail.com}	{Jimmy42@gmail.com,Rashawn92@yahoo.com}	826.24	monthly	2024-07-01T13:45:06.016Z	2025-03-17T14:10:06.390Z
\.
    

COPY public.organization_to_feed (id, feed_id, organization_id, access_until, dashboard_url, delivery_method, delivery_config, success_emails, fail_emails, schema_update_emails, billing_amount, billing_frequency, created_at, updated_at) FROM stdin;
81	100	54	2025-09-23T23:20:27.467Z	https://trained-linseed.com	sftp	{"endpoint":"https://normal-possession.name","apiKey":"4a9ef66b-7a6a-4765-bf6a-53231b2143f9","format":"csv"}	{Elta.Oberbrunner46@hotmail.com,Krystal_Prosacco64@gmail.com}	{Kirsten.Kozey68@hotmail.com}	{Theresa.Lubowitz35@hotmail.com,Anahi12@hotmail.com}	763.31	yearly	2024-09-15T23:16:59.669Z	2025-03-16T15:54:13.315Z
\.
    

COPY public.organization_to_feed (id, feed_id, organization_id, access_until, dashboard_url, delivery_method, delivery_config, success_emails, fail_emails, schema_update_emails, billing_amount, billing_frequency, created_at, updated_at) FROM stdin;
82	36	90	2025-12-20T07:00:25.754Z	https://determined-scrap.com/	email	{"endpoint":"https://dramatic-crocodile.biz/","apiKey":"622beab8-7ac2-4a3a-8a27-8b4a5a1fe49f","format":"xml"}	{Zelma.Wehner10@yahoo.com,Flossie.Kshlerin@yahoo.com}	{Aniya_Reynolds15@gmail.com}	{Gracie.Borer46@hotmail.com,Braulio.Sawayn@gmail.com}	599.42	monthly	2024-07-31T16:41:51.378Z	2025-03-15T20:33:32.597Z
\.
    

COPY public.organization_to_feed (id, feed_id, organization_id, access_until, dashboard_url, delivery_method, delivery_config, success_emails, fail_emails, schema_update_emails, billing_amount, billing_frequency, created_at, updated_at) FROM stdin;
83	31	10	2025-12-03T08:16:19.501Z	https://marvelous-provider.biz	email	{"endpoint":"https://minor-baritone.biz/","apiKey":"f2d5f777-3098-44fd-a406-9c48db406304","format":"json"}	{Helmer43@yahoo.com,Francisca53@gmail.com}	{Albertha_Sawayn7@gmail.com}	{Rocio.Purdy80@gmail.com,Elijah11@yahoo.com}	817.24	monthly	2025-03-30T01:14:08.525Z	2025-03-21T08:22:10.804Z
\.
    

COPY public.organization_to_feed (id, feed_id, organization_id, access_until, dashboard_url, delivery_method, delivery_config, success_emails, fail_emails, schema_update_emails, billing_amount, billing_frequency, created_at, updated_at) FROM stdin;
84	27	8	2025-09-07T20:05:29.392Z	https://pale-ecliptic.net/	email	{"endpoint":"https://quick-kettledrum.org","apiKey":"3e73d27c-2120-4f70-86e8-9773f9c4557d","format":"csv"}	{Valerie.Schaefer45@yahoo.com,Leonard.Dicki@gmail.com}	{Quinten_Gottlieb65@yahoo.com}	{Margarete.Trantow@yahoo.com,Ariel73@yahoo.com}	740.92	yearly	2024-08-18T17:42:36.924Z	2025-04-12T21:32:48.978Z
\.
    

COPY public.organization_to_feed (id, feed_id, organization_id, access_until, dashboard_url, delivery_method, delivery_config, success_emails, fail_emails, schema_update_emails, billing_amount, billing_frequency, created_at, updated_at) FROM stdin;
85	45	29	2025-06-05T00:53:45.186Z	https://noteworthy-request.com	sftp	{"endpoint":"https://distant-disadvantage.name","apiKey":"249ce739-c6f9-43e0-a83b-7e62a59a01a3","format":"csv"}	{Linda59@hotmail.com,Kaitlyn.Bednar@yahoo.com}	{Aniyah.Weber@hotmail.com}	{Erling.Goodwin41@gmail.com,Leon_Mraz75@yahoo.com}	551.42	monthly	2024-05-28T04:13:19.544Z	2025-04-13T03:03:36.977Z
\.
    

COPY public.organization_to_feed (id, feed_id, organization_id, access_until, dashboard_url, delivery_method, delivery_config, success_emails, fail_emails, schema_update_emails, billing_amount, billing_frequency, created_at, updated_at) FROM stdin;
86	59	41	2025-12-23T13:09:54.655Z	https://awful-mountain.biz	sftp	{"endpoint":"https://precious-dulcimer.net/","apiKey":"a0675903-62e7-465a-8412-16ae3bb84089","format":"xml"}	{Pinkie_Walsh24@yahoo.com,Alberto7@gmail.com}	{Elyse_Strosin@hotmail.com}	{Maximus6@hotmail.com,Verdie98@yahoo.com}	942.51	yearly	2024-11-19T05:04:36.943Z	2025-03-28T11:57:08.256Z
\.
    

COPY public.organization_to_feed (id, feed_id, organization_id, access_until, dashboard_url, delivery_method, delivery_config, success_emails, fail_emails, schema_update_emails, billing_amount, billing_frequency, created_at, updated_at) FROM stdin;
87	50	96	2025-12-17T17:26:37.353Z	https://practical-cassava.org/	sftp	{"endpoint":"https://ripe-swath.org/","apiKey":"0f974c61-55b0-41a2-94bd-f315087b68d4","format":"csv"}	{Yasmine_Treutel@yahoo.com,Evans_Hamill@gmail.com}	{Immanuel.Stokes2@hotmail.com}	{Breanna60@gmail.com,Peggie.Treutel@hotmail.com}	153.24	monthly	2025-01-02T23:51:34.348Z	2025-03-16T11:38:55.137Z
\.
    

COPY public.organization_to_feed (id, feed_id, organization_id, access_until, dashboard_url, delivery_method, delivery_config, success_emails, fail_emails, schema_update_emails, billing_amount, billing_frequency, created_at, updated_at) FROM stdin;
88	27	56	2025-06-14T17:34:18.579Z	https://soulful-horde.com/	sftp	{"endpoint":"https://secret-printer.name","apiKey":"1a6c2e60-07c4-4b7a-97c2-43a10bf5f2a0","format":"xml"}	{Francesco.Block39@yahoo.com,Daija9@gmail.com}	{Gisselle.Kemmer@gmail.com}	{Ashtyn94@hotmail.com,Ressie_Yost@yahoo.com}	793.61	monthly	2024-09-04T23:01:11.329Z	2025-03-23T14:23:54.226Z
\.
    

COPY public.organization_to_feed (id, feed_id, organization_id, access_until, dashboard_url, delivery_method, delivery_config, success_emails, fail_emails, schema_update_emails, billing_amount, billing_frequency, created_at, updated_at) FROM stdin;
89	28	35	2025-11-21T18:32:26.891Z	https://expert-negotiation.net	sftp	{"endpoint":"https://puzzled-language.info/","apiKey":"5d52f7bd-5cba-4174-b37d-f8e40f943379","format":"csv"}	{Maida_Corwin@gmail.com,Roger70@gmail.com}	{Carli_Denesik98@gmail.com}	{Jesse52@gmail.com,Evelyn50@yahoo.com}	362.87	yearly	2024-06-26T11:18:40.748Z	2025-03-28T14:35:17.405Z
\.
    

COPY public.organization_to_feed (id, feed_id, organization_id, access_until, dashboard_url, delivery_method, delivery_config, success_emails, fail_emails, schema_update_emails, billing_amount, billing_frequency, created_at, updated_at) FROM stdin;
90	67	23	2025-06-09T03:15:59.205Z	https://immense-hydrocarbon.name	email	{"endpoint":"https://dental-smoke.net","apiKey":"695d884f-fc3f-4d9c-9af8-b23a67a768cc","format":"json"}	{Graham90@hotmail.com,Heaven33@gmail.com}	{Hellen86@hotmail.com}	{Annalise39@gmail.com,Chesley_Rowe21@hotmail.com}	290.6	monthly	2025-01-05T04:26:37.425Z	2025-04-09T10:01:52.892Z
\.
    

COPY public.organization_to_feed (id, feed_id, organization_id, access_until, dashboard_url, delivery_method, delivery_config, success_emails, fail_emails, schema_update_emails, billing_amount, billing_frequency, created_at, updated_at) FROM stdin;
91	62	50	2025-11-03T21:38:11.325Z	https://uniform-yak.name/	sftp	{"endpoint":"https://puny-king.biz/","apiKey":"9f7ca11a-293d-49fd-baaa-aba3a095b001","format":"json"}	{Sherman_Stiedemann38@gmail.com,Delphine73@yahoo.com}	{Arnold_Zboncak59@hotmail.com}	{May_Bergstrom20@gmail.com,Enrique.Stanton25@yahoo.com}	967.76	yearly	2025-01-20T21:41:22.611Z	2025-03-31T05:26:08.776Z
\.
    

COPY public.organization_to_feed (id, feed_id, organization_id, access_until, dashboard_url, delivery_method, delivery_config, success_emails, fail_emails, schema_update_emails, billing_amount, billing_frequency, created_at, updated_at) FROM stdin;
92	50	82	2025-08-05T12:04:06.910Z	https://secondary-porter.info	sftp	{"endpoint":"https://regular-release.biz","apiKey":"5cf169f7-9f1c-44d0-84f4-079e353e83dd","format":"xml"}	{Mayra_Schamberger76@yahoo.com,Kenyatta50@yahoo.com}	{Lexi56@gmail.com}	{Kelly.Herzog99@gmail.com,Conrad_Schaefer23@gmail.com}	980.18	monthly	2024-04-28T23:07:49.045Z	2025-04-11T00:02:12.644Z
\.
    

COPY public.organization_to_feed (id, feed_id, organization_id, access_until, dashboard_url, delivery_method, delivery_config, success_emails, fail_emails, schema_update_emails, billing_amount, billing_frequency, created_at, updated_at) FROM stdin;
93	84	71	2025-12-03T06:45:49.104Z	https://grave-vista.name/	sftp	{"endpoint":"https://serene-secret.biz","apiKey":"b1955e75-b506-405b-9d66-c7d4642076f0","format":"json"}	{Sharon15@yahoo.com,Odell88@yahoo.com}	{Hermina20@yahoo.com}	{Quentin.Nicolas@yahoo.com,Rex_Goyette@yahoo.com}	223.45	monthly	2024-06-17T15:22:33.572Z	2025-03-27T05:45:56.170Z
\.
    

COPY public.organization_to_feed (id, feed_id, organization_id, access_until, dashboard_url, delivery_method, delivery_config, success_emails, fail_emails, schema_update_emails, billing_amount, billing_frequency, created_at, updated_at) FROM stdin;
94	91	34	2025-10-09T23:13:17.199Z	https://frank-department.biz	email	{"endpoint":"https://ultimate-plastic.biz","apiKey":"f0bfd468-f4a4-47eb-9671-3bb885d3b776","format":"json"}	{Gwen20@gmail.com,Rosina33@gmail.com}	{Mollie86@gmail.com}	{Jettie.Douglas@hotmail.com,Ashly_Hammes@gmail.com}	251.77	yearly	2024-08-11T23:36:00.112Z	2025-03-27T16:15:54.714Z
\.
    

COPY public.organization_to_feed (id, feed_id, organization_id, access_until, dashboard_url, delivery_method, delivery_config, success_emails, fail_emails, schema_update_emails, billing_amount, billing_frequency, created_at, updated_at) FROM stdin;
95	62	78	2025-09-08T08:50:04.042Z	https://optimistic-scale.net	email	{"endpoint":"https://suburban-maintainer.org","apiKey":"3e18ee0a-7392-4bef-8451-07511459d8bb","format":"csv"}	{Malinda.Weimann88@gmail.com,Geovanny35@gmail.com}	{Richmond_Weimann@hotmail.com}	{Erwin_Hand@hotmail.com,Vaughn14@hotmail.com}	740.72	monthly	2025-03-10T06:38:41.119Z	2025-04-04T09:31:23.862Z
\.
    

COPY public.organization_to_feed (id, feed_id, organization_id, access_until, dashboard_url, delivery_method, delivery_config, success_emails, fail_emails, schema_update_emails, billing_amount, billing_frequency, created_at, updated_at) FROM stdin;
96	55	91	2025-12-14T03:30:01.237Z	https://tempting-handle.net	api	{"endpoint":"https://oval-feather.org/","apiKey":"b2480baa-3d4b-4743-b09c-d9a597aa05b7","format":"xml"}	{Reid91@hotmail.com,Otis_Spinka@yahoo.com}	{Ambrose.Nienow32@yahoo.com}	{Edd94@yahoo.com,Bennett.Stamm@yahoo.com}	558.76	monthly	2024-12-11T03:07:33.325Z	2025-04-07T20:52:20.506Z
\.
    

COPY public.organization_to_feed (id, feed_id, organization_id, access_until, dashboard_url, delivery_method, delivery_config, success_emails, fail_emails, schema_update_emails, billing_amount, billing_frequency, created_at, updated_at) FROM stdin;
97	51	89	2026-03-28T08:08:16.132Z	https://cloudy-chops.com/	api	{"endpoint":"https://glass-ceramic.net/","apiKey":"a7cf709f-02f0-4f9a-9f00-5e269a728e8e","format":"json"}	{Caden_Reynolds@yahoo.com,Angela.Kshlerin35@yahoo.com}	{Camila_DAmore@yahoo.com}	{Loma_Homenick@gmail.com,Christelle.Shields14@hotmail.com}	866.6	yearly	2024-08-15T03:16:41.314Z	2025-04-02T09:38:38.802Z
\.
    

COPY public.organization_to_feed (id, feed_id, organization_id, access_until, dashboard_url, delivery_method, delivery_config, success_emails, fail_emails, schema_update_emails, billing_amount, billing_frequency, created_at, updated_at) FROM stdin;
98	67	35	2025-10-09T07:40:45.874Z	https://impressionable-story.info/	email	{"endpoint":"https://sardonic-importance.biz/","apiKey":"7934eee2-ac8a-429a-a8ca-ba430577df95","format":"csv"}	{William0@yahoo.com,Rachel_Ullrich64@yahoo.com}	{Serena_Koepp96@gmail.com}	{Marcelino.Von@yahoo.com,Rodolfo49@hotmail.com}	896.14	monthly	2024-11-15T07:48:48.326Z	2025-03-26T08:00:18.279Z
\.
    

COPY public.organization_to_feed (id, feed_id, organization_id, access_until, dashboard_url, delivery_method, delivery_config, success_emails, fail_emails, schema_update_emails, billing_amount, billing_frequency, created_at, updated_at) FROM stdin;
99	94	53	2025-09-17T12:20:56.361Z	https://wide-eyed-adaptation.info/	email	{"endpoint":"https://rundown-cardboard.com/","apiKey":"117c6110-0c37-4768-84d0-f17e386b71a8","format":"json"}	{Javonte0@yahoo.com,Dedrick91@hotmail.com}	{Rodrigo_Roob-Cummings79@yahoo.com}	{Jeremy16@gmail.com,Easton38@yahoo.com}	530.8	monthly	2025-02-04T18:25:00.972Z	2025-03-29T20:53:59.034Z
\.
    

COPY public.organization_to_feed (id, feed_id, organization_id, access_until, dashboard_url, delivery_method, delivery_config, success_emails, fail_emails, schema_update_emails, billing_amount, billing_frequency, created_at, updated_at) FROM stdin;
100	89	68	2025-07-22T08:15:08.888Z	https://lovely-waist.info	sftp	{"endpoint":"https://scared-council.com/","apiKey":"43a330f6-170a-445c-81c0-2e9b125362c3","format":"csv"}	{Keaton_Grimes@gmail.com,Sedrick.Emard@hotmail.com}	{Kellen_Schimmel@hotmail.com}	{Marianna19@hotmail.com,Rigoberto.Price@yahoo.com}	445.32	monthly	2025-01-17T04:28:29.756Z	2025-04-02T05:44:12.419Z
\.
    


COPY public.account (user_id, type, provider, provider_account_id, refresh_token, access_token, expires_at, token_type, scope, id_token, session_state) FROM stdin;
(SELECT id FROM public.user ORDER BY RANDOM() LIMIT 1)	oauth	google	755744986414172465270	BRrIFSu2zt0CVxs5cxre5e2aGgXVZcFtcwmyfkakE7WqF0wCu3WWAblrjL1i5WVH	esGrTlnh134NWV6GyMyWwm66CD7yM7xW91KM9zfXwUc9dPUaPdlNZ4tk4e67Gm1W	1744577325	bearer	openid profile email	AFtGOgbVAcqPWZSuUOWlSkC9X84RqvNvdW8KKAeYsqDVK5UXK2zpikjvo38PZasOoxvKJ1nX9hQ1r92aOp8bQ8mOqyT0iCDxvM225YQbTD1Ey8cWeGe7OQuE78YWCLB1	c76bf0cb-458f-46b6-ae4d-44b5c5de966f
\.
    

COPY public.account (user_id, type, provider, provider_account_id, refresh_token, access_token, expires_at, token_type, scope, id_token, session_state) FROM stdin;
(SELECT id FROM public.user ORDER BY RANDOM() LIMIT 1)	oauth	google	763572740631498046065	5dELsqJgcWHpCCukzlwZNxqWZ0zAFh8EcnLKdNKbs4sfF2DWpINwkhBiavXzdgmN	oMxFprXUhxOpblL1YwO7kZPyzn32zC5yWdjBReM7nuZV18G52xg6BxqggJrNmaai	1744577325	bearer	openid profile email	BNOuywJG7vmjmAeS9zqdn8DHRVBBS4HT3nVVwgjah5rEhCSJKqkO9m3MrlnmPBA4vpQa4ZQOCku7z2MZZ9QROm4mW8sj3r7v8leXSpiGboLx2URxeOhTBm05iNN1jlDk	e16b622b-87d5-4293-b5ba-3052de67fa39
\.
    

COPY public.account (user_id, type, provider, provider_account_id, refresh_token, access_token, expires_at, token_type, scope, id_token, session_state) FROM stdin;
(SELECT id FROM public.user ORDER BY RANDOM() LIMIT 1)	oauth	google	871030553747474070874	KMFPnLXJqvuyZqV0k8qUnTuBZuDcZwvGTdlh0LervunGbsBVKrlcK7IrMmt4cTgk	cYp337V5UXsspkG0SbHSj4HLbHfB2z0N3VnBW4gKY9XwqtW6P5ijT0n5X6W2jq19	1744577325	bearer	openid profile email	1ejB0xxjKfsuZL349B8NgwmuNKuniZWCfu29LJrN7uc8qixypB4YmOPBEExIBfoUcNDl4iv18yUHMWvgnXpD1QdG9hbrLvMFp9rfHDewkNFWFr0XvZG2VhfUF24JMgRv	e2a8b47e-6466-41d6-a988-bcd2b87b5626
\.
    

COPY public.account (user_id, type, provider, provider_account_id, refresh_token, access_token, expires_at, token_type, scope, id_token, session_state) FROM stdin;
(SELECT id FROM public.user ORDER BY RANDOM() LIMIT 1)	oauth	google	510343443973211264005	E2HC3ssWCSEDR6ETDaryeps3SXBfk2qxegvAMmbcruz7hAkmbh90vsj6Cnots7sB	8CnRMI2rDEUAgmyR4qXZLS7gJwyahpcKMr4gmvZ07LlhIO9n17yrn1Fubbe9P8Dw	1744577325	bearer	openid profile email	tmZvacgkWplIOlLoSC5QQwL1ue1Y7LzyfvLObk5TzRJaviSE2jmfVYiR4kLvRm9IzcJnGmwxF9JyxJIHqrZg0SBOsrG2voYo2UXZQNAD28LPI9j78RRXheDQ8kYdRNy5	5b4107f0-7206-4a63-acca-59a651d3c4f8
\.
    

COPY public.account (user_id, type, provider, provider_account_id, refresh_token, access_token, expires_at, token_type, scope, id_token, session_state) FROM stdin;
(SELECT id FROM public.user ORDER BY RANDOM() LIMIT 1)	oauth	google	037163773235958251439	WiIjXFBIbgDJbbk0jy3vHPLb1j7ClPzsRfNpQM33MaGFuGd1vfnzbs8yaAea3yKw	2SQbQtY3e6nVUjJ44MWHuZ3OENBqlVF82oQYEhxhrlGxRoZvknkYAxlAsEU1yZup	1744577325	bearer	openid profile email	ZzGYcG0PIG5eXWu1Fzw1Fo0kOhHTOqwttZA8N7TaKISYsN6RX3tc4t1FDdOcXAwB5NyCepgDOPAv5mnrUgWE9FkcX4ZvlLhNhxy1AKb5jr7kkkTavYRviAvRFW7IXLYQ	57b3cf11-202a-4683-b7a2-0d241ae08e0d
\.
    

COPY public.account (user_id, type, provider, provider_account_id, refresh_token, access_token, expires_at, token_type, scope, id_token, session_state) FROM stdin;
(SELECT id FROM public.user ORDER BY RANDOM() LIMIT 1)	oauth	google	744131050693471252050	nzfO54tbeHmsjHXb2RvvGKqsNPh0XTaZZmjDL48DBIRKR79dEifzB692NYln1Llq	paCnU4dv30RUTGSdAZTIYs80jYL38L10lrsmtYXB5A0Wp1ZoCIswQhQp0DnNNx8E	1744577325	bearer	openid profile email	4PLI4ObaBBRszKzi3eS03rB8toCwZIdL7hVvCqbN3OhWwJYjCmJENjN6KyVzXcKDzd7FUD7BuruusTFgFyM7zICaO9dgjTeMCjGMySSVc0WcWIAEk0lT2VUT0xYYeKPZ	1f615813-042a-4adc-9930-c2a7bc47136b
\.
    

COPY public.account (user_id, type, provider, provider_account_id, refresh_token, access_token, expires_at, token_type, scope, id_token, session_state) FROM stdin;
(SELECT id FROM public.user ORDER BY RANDOM() LIMIT 1)	oauth	google	733149823192691080403	5OfTveoE9jz0j71bnZ3PgjYOlDWHGFBB2KoflvOQ2uiMXIfk3c6LwFdfm2ZQY1cE	Q1Vh1Cr687LHcglHoDBWzHVq4Amsf9x5pSeS4FAGQCJpSHrRiatlUnYWJQ8z9Nmd	1744577325	bearer	openid profile email	JhJ4AVpRTlaAVPCcDZRgfSO9bVGbDns2blZ3qW6EvOEX2iXCZyciR4DuXwSWn3ycqLtcs8QBZXsXkissh0UMXIM6dofEue2gz6dnP1T6YHM7mNfSh7xp2EG0hu1794DF	1cfed576-a5a4-45dd-8502-3c4099369119
\.
    

COPY public.account (user_id, type, provider, provider_account_id, refresh_token, access_token, expires_at, token_type, scope, id_token, session_state) FROM stdin;
(SELECT id FROM public.user ORDER BY RANDOM() LIMIT 1)	oauth	google	618818758009379521743	ICdeS8Xu5KCXBmmDI94ucMIkHWoD1aFijMpPG1AwnAKHO19yoEyXpZwHdR1CtKpV	c5TOGdvWRXQSFnQ7j7AXcKQwLatcr4K2cdMoZ1wIgVTaP4R3MbHSOlYDLOQZnACm	1744577325	bearer	openid profile email	zEsRmCFsnr0JT2e76nArulLCWlKxglHsnZyxeMbij3W2nSYvIydfcjUr3ngrcurhShYRQachZllZykUaqg5bznGNbn8l7aQme3AfK2a2gxh72LyawyIKGcQilBkNJt7s	01961e58-6384-4d3f-a07c-9165289a37c0
\.
    

COPY public.account (user_id, type, provider, provider_account_id, refresh_token, access_token, expires_at, token_type, scope, id_token, session_state) FROM stdin;
(SELECT id FROM public.user ORDER BY RANDOM() LIMIT 1)	oauth	google	971711524482691935959	43fqptnGD844QM1PGM443rzSv78BLEMLdSnIuNKFAPhflcclc1keQO7qa4WgunWZ	Urt96nJeVLY3ipqfMLteLFOIbqTjKM4GsONaotmxyh3Db2JIUEixM3AQIcJc8G30	1744577325	bearer	openid profile email	4fkPf2C9SWNzUGw42DCJG93wBVh0z0vwwrCmyq8HJ7nyFfk9G3NVjRa959VMhgzoWjniakaJNmCLzxDZoULv8nIJXHGnkm84SuGcA1n7kERgOtD0xKJFK2BVaFmVnrhj	187802f5-e284-4ef3-acdb-4bbe2a17a1ec
\.
    

COPY public.account (user_id, type, provider, provider_account_id, refresh_token, access_token, expires_at, token_type, scope, id_token, session_state) FROM stdin;
(SELECT id FROM public.user ORDER BY RANDOM() LIMIT 1)	oauth	google	565603184209646123964	sRHXoSRe04BGWTBCpBaSWwrI7ZPcfzU26sNxuXH44YzcLHPJgnlpyke4wxwDGz5R	3SNInv5MkOrXyImUTvclXW10JEgwyNjPYRkU6XRI2Yjb77Pkvi1PAwj6ILu3R8mb	1744577325	bearer	openid profile email	zAHr087yv2AZaHLNrkWun9sLqeP27qWUoNMMXF1yW9f4xaOLFnlfYxEGnJG7hkG7RbTaGVPj1eYMsq18awigJrroI7GshSCsjRvGzClZwWduBEV8HEThncitCJTNPDny	d92835aa-9194-49d4-8086-c04bafd19972
\.
    

COPY public.account (user_id, type, provider, provider_account_id, refresh_token, access_token, expires_at, token_type, scope, id_token, session_state) FROM stdin;
(SELECT id FROM public.user ORDER BY RANDOM() LIMIT 1)	oauth	google	275449204332952842591	K8M9mOnVLwN5pCQIAzRRUnI34Mzi9P1bYbF54RM0DFKCegRtM2ZipAIxeY8w5sRk	0PjCzecwZVdDBurQ3AhGG8L5Ym0kfk95UYNmTPZG4yBhgSBXqiw5Gia7yLXgFa7V	1744577325	bearer	openid profile email	YPDG6NAmyStsFpKmR3bPMT1SEpfv0AS0bkkjBJLJKlgHriNdF3oyv7L2uOzkKNhKWhmPYP788WKHbdb2E3QU63f1lj0INv4dKbS5KTy7Wx60EInxVGq27E95TL43ld7C	c9284f21-ffa2-43e8-8bf8-5387c7c89549
\.
    

COPY public.account (user_id, type, provider, provider_account_id, refresh_token, access_token, expires_at, token_type, scope, id_token, session_state) FROM stdin;
(SELECT id FROM public.user ORDER BY RANDOM() LIMIT 1)	oauth	google	778584295282497884193	DzBVOFyrd7ear8toluwHCbdcXC7JTvr2Deq1zAycOMbmk2V0cvQKjhq07Q8kzTkp	PUkqGhVnQQsTE3QqHR8iFV7Uxv12wIGrn7mQ1KvQwePNdpQW7yQOmcRFpMXWPKpK	1744577325	bearer	openid profile email	5t95TTFb0mibl3O5Fc7Rqyi2s4IxJt0wWx8ElZp2czwgvNagQ1QHgYg7i4bWVs4WQx8H3poPlYHsTvipE0v9IxisPRHJcyrDqU7ikhuCY8ot2kJGGliqj1JMyi8gXU5a	73942099-8ef3-4458-9da5-bd35bb407d44
\.
    

COPY public.account (user_id, type, provider, provider_account_id, refresh_token, access_token, expires_at, token_type, scope, id_token, session_state) FROM stdin;
(SELECT id FROM public.user ORDER BY RANDOM() LIMIT 1)	oauth	google	444227699665723067735	T5LqLcTHxvu2hgbe1IxcKxj7LEvFq0zrz2dymuZ39M9KN2TlVGMVeHNCbuwt574m	UIUT91XfdniduXAgUlvB8t4E59NQn9jY7qAlZ83qUg0mtur11PDhRCRW7uz8fLG0	1744577325	bearer	openid profile email	8C29hkVNybWrxMz4j6XImbJhQJdrpfBL5nOtXdIKj5rIypqicJx3kzNliciRGwtr3rHscYKShxdDKc41RvLJkVJHYjwDmhJ2VOnvJz7tB48fRWpOVkaYzLCs57BQGCEB	851b954c-f778-4c56-bc79-0719425b0d59
\.
    

COPY public.account (user_id, type, provider, provider_account_id, refresh_token, access_token, expires_at, token_type, scope, id_token, session_state) FROM stdin;
(SELECT id FROM public.user ORDER BY RANDOM() LIMIT 1)	oauth	google	322411884639477896081	Do23p5Huvr4zr8NsdQ4xdDHWePuVSocRHfD7cnPpDqvquZCsDcknWwJyYxvSl1QS	hJkhG7uGXUJSOjZ0u33oPo1SFOJn1W09nMeqdMW6ztqcocsM9BXTtlz0gFAuWqwE	1744577325	bearer	openid profile email	RGMAMghLnvndoequUu8v3MzG1SUAQlC9kQDlI4cesFb1LN1YOWehnxbQznAElrhUXMhuNFCkRCQKxy6VM6UdvD33M3St5j9KiBcNyqcSzdu6zdLw2z2oj0nyuzHIxpLT	46e1a3a3-d965-4143-b025-e6f1b61a19ca
\.
    

COPY public.account (user_id, type, provider, provider_account_id, refresh_token, access_token, expires_at, token_type, scope, id_token, session_state) FROM stdin;
(SELECT id FROM public.user ORDER BY RANDOM() LIMIT 1)	oauth	google	007521681392584987076	wsh4S6QucZKNrma3PeMslmak4emmEy7MNpR5F8Vnt6fYWbJM0SfIEBC5NE1rhVil	Iov2StNOlrIC2vm4cGUbQi5b2AhFeXkAzL6RK33puor3CO1E6PQTNHBzu5fom2yz	1744577325	bearer	openid profile email	hZpocpXfiJWg1oTvHZeA3ovhaXx9bw14P0VXUH4sfWSN1dLNBNAB4UnwBgk4N15SzQwgIOSCWX93esrJNWqOlN45spyoeDq0akt72sHX8BVp8Qz44yKFg0r1CxdidKiM	4d624099-f2b1-4049-a0fe-d59201609af5
\.
    

COPY public.account (user_id, type, provider, provider_account_id, refresh_token, access_token, expires_at, token_type, scope, id_token, session_state) FROM stdin;
(SELECT id FROM public.user ORDER BY RANDOM() LIMIT 1)	oauth	google	913217772589720634140	FeLR5O9qkS71FfUyWgQO8C44eg4M0f0CGbR76EJ6EGMqfIiZhnblnm1Yk72R6S5h	cGBAgcJDvUmCLWzuBFkwJdhbDReeXduyLtBhuSh5fNkHaK2usoDYXOkIQkZPOC5M	1744577325	bearer	openid profile email	bthrqlWy4q8MLNbx1EzOM3eLTS9T4nEcnQMCJwbRnsPokduNptArOM0Pvot8WAlZw22eXeU63nDNSXedNH8PpP2xKhAYt6GAoiSvsZ9YevpQB7WhmZgrruiOxm8LbRzF	a6daecba-03d2-407a-8c79-ef0de9fe62bd
\.
    

COPY public.account (user_id, type, provider, provider_account_id, refresh_token, access_token, expires_at, token_type, scope, id_token, session_state) FROM stdin;
(SELECT id FROM public.user ORDER BY RANDOM() LIMIT 1)	oauth	google	346386317313056797875	V1bkho1NeLTBtTwC5TJxUEFG8VG8VFysRcoOEavp2LiHjPrkY8lrUYaDdVJnK8NP	GvF2UQbctg9bu9YpJAyK8bgUpsGuQwKncroFhleijTXgjDYJ52SxwHSzFjzRjZpn	1744577325	bearer	openid profile email	BXS5xZ4jrPJjUdlJb3eMPWWMLWrRRT3ngl9IyxJ4jHxwd4H1P0nLI2eLU2qn1wad0iRPI9skZWoB0HOnLUh7yrKHpC9FRfu8qUv9r9N4FF0svgPkofydUniWLGcZ3CXw	a6ad5fc3-b3e5-4491-ba8b-022776876bd3
\.
    

COPY public.account (user_id, type, provider, provider_account_id, refresh_token, access_token, expires_at, token_type, scope, id_token, session_state) FROM stdin;
(SELECT id FROM public.user ORDER BY RANDOM() LIMIT 1)	oauth	google	035350523545856126865	HyrZCMCJ0tjiQZbGtIJVyUU6hHuMe7OfeFyCedlHWJWY46YVCCoZG5yFqQB2IVxF	O7BS2xdCzWZQHPSuO6a6aGg5Ttdn4GPSybpMcjzkmvYD4Q4vAygmGSp6d0ZkHHgi	1744577325	bearer	openid profile email	NBht1Xw937kjOcrcT4Dwr484AoVS6rdnrLF019Zxmdav64plcDdlV9gap3FiMUvKHx0MAQVAVul2Qh36OjsR3iQxUQNQz12DZOEmd7skjzxKbJ3OhUyEC2TeViMRwtrh	f2d92260-1eb3-4912-8f5b-be4c52d8bd4b
\.
    

COPY public.account (user_id, type, provider, provider_account_id, refresh_token, access_token, expires_at, token_type, scope, id_token, session_state) FROM stdin;
(SELECT id FROM public.user ORDER BY RANDOM() LIMIT 1)	oauth	google	868102980421849393867	cWYjEjZIq2OYFxVoKRUhqeopJIrZnz2kcLYSjEzUynRdkCWF8j5f9cPrtDxlT59N	05Fvd1NNyIrqTyiar8jTJGimQG1tQVz6jIrN7iNjXZzIB8TujmorT0ldepXmqZLu	1744577325	bearer	openid profile email	Vado1XVQ8zuVF2fimqFvYuL1IYTo0lEax9yx4j3mgIarpgVaOFCAkJfasF8FJT9YhVqey7dWcQIlzbQfWIBbw72uYiMGbX37LRGpMiHm8xTuZGi0hB0VVz0A4h3OlZ21	39534f6a-36f8-4d6d-a52a-b0e972a2863f
\.
    

COPY public.account (user_id, type, provider, provider_account_id, refresh_token, access_token, expires_at, token_type, scope, id_token, session_state) FROM stdin;
(SELECT id FROM public.user ORDER BY RANDOM() LIMIT 1)	oauth	google	881954138739105604084	juvQHN8FvFqqD1BPiEY6TFt1q1igYOaAHoLDmrO84yeaOmP5nnHH1tDEzThAfNVQ	pAVwKzaBgVtxBIHcE4k8HLtswoZsMjq0VrdYj1OLQiz9F7oY8gYn1bQfNQLG2WOq	1744577325	bearer	openid profile email	fHE9L2Qrpj2lIrrXPvCMbGCtTiMvo6Y5xNetsGRLIJXq1juGCzTICnkwoe8xWkZHG9DMVx2StbpDzUSiuoyo78KzJ7rrKxBaf3VJELuJdETKIkgCO7CluFQqHF3hFOK1	dd900288-7d46-4704-86d7-678ddf08c8c0
\.
    

COPY public.account (user_id, type, provider, provider_account_id, refresh_token, access_token, expires_at, token_type, scope, id_token, session_state) FROM stdin;
(SELECT id FROM public.user ORDER BY RANDOM() LIMIT 1)	oauth	google	155136795324600759983	ttQ0hzTR8BZHgsC8g8CyVW81MPsW3Mt40Io5ZMOG9s9Jd4ppSkWfBWHwTL2Y9bBb	JiGkTpSPNofk5eOF8raneOYZVPpWU9MkClMMHtdD3RQgU21kWASnNb9CEsS8wEh9	1744577325	bearer	openid profile email	LWO3kYN6l7cmLjrddP7meijNCuj3k5BaEvYCLxC65QptwFro7sSH9VaAtKoMImrJVhLGWVm7zvKwiM4jIBANx6lEvC6D897KaHTiYvDqqO9u23gbkgCG6wLsNYsdOVXj	60e8bc19-0a32-4764-ac7f-3dee81c0689f
\.
    

COPY public.account (user_id, type, provider, provider_account_id, refresh_token, access_token, expires_at, token_type, scope, id_token, session_state) FROM stdin;
(SELECT id FROM public.user ORDER BY RANDOM() LIMIT 1)	oauth	google	262113726715590624036	l6L80TPZaK2eWIx7Dl4aimahirvvXvwxuAgjGR0XsiIdX41SWxHPCxdG4wimwsRT	0cNtk40rVuT8DvIBVSkegnjR68Am4ScWmu3laTzyQkPhOmN0hsQx3M44dQ5MsWyr	1744577325	bearer	openid profile email	RBPvchIZZgwsX6Qud9GqVrvdYufNNjZxhlQCxjaB6ewudDaA0cOtfK1LNW8POWbfRrxukdOYMrDaJLQWNC96lJwjgXuj8A95Cd27weLlIQNRqyZOLUNDxzbpXVkfFgDu	90df221e-e869-4bf6-97e5-8595f53e91c3
\.
    

COPY public.account (user_id, type, provider, provider_account_id, refresh_token, access_token, expires_at, token_type, scope, id_token, session_state) FROM stdin;
(SELECT id FROM public.user ORDER BY RANDOM() LIMIT 1)	oauth	google	655608894409937842551	nhJA0jys04JFQQx5CJzu7p0S0y8K4wXxbGNDpNuu4sPbY1hUrhszxmyk7rei0RQY	YoEJKKckvmAo5IwLbZthZc55uAuh53U8oyMBVAnv2O4XQKmmy3Ur8vHr5OiQ9TOf	1744577325	bearer	openid profile email	TbSjDs4eqMq6GPTIwAKHN0FwMIhH6odLa9yFStmsikl0zAjrEAFndj9Gem2GUfiZskQfiUmu2LZqsHH0hucmJFh7JjIPpNS5RTN7v3akjzfCsCDWSx7xcKcF3Wnvn4cG	c6ac156f-e234-4858-b1a1-5dedea50bc54
\.
    

COPY public.account (user_id, type, provider, provider_account_id, refresh_token, access_token, expires_at, token_type, scope, id_token, session_state) FROM stdin;
(SELECT id FROM public.user ORDER BY RANDOM() LIMIT 1)	oauth	google	901277205520799062410	q08nLKLAZUOrpgxCc1awe7I9MZordwIJe3LDGepoJdC23HHKMwwPTF2yZI6Qk4d6	1dTYGvgsK4xPep7aV4DzcHLEEiDx6G1xVxSIGYbTrnHjhzitVamJyReQaHOw8wOw	1744577325	bearer	openid profile email	chbRNKATVdlnDjqLkwWSkFoZWcCN8pk7Pf6XWZ0ABdE0S1h7SAbKj9LWdAbXiVIG949u43YFEInMbD9sr8rvtH8gSCqdpjKNd5qQrvaDt4yxaJUmCvI0ayvUrsF1EDyT	8c0f3dab-a021-4e15-a106-a577a91d73f8
\.
    

COPY public.account (user_id, type, provider, provider_account_id, refresh_token, access_token, expires_at, token_type, scope, id_token, session_state) FROM stdin;
(SELECT id FROM public.user ORDER BY RANDOM() LIMIT 1)	oauth	google	541849502944470807429	TwLZ8XKxnsqRxjxKHDm8geMA9BRgVcUyCwRf1MxBYDijvdH2Jk4xV2ZvGbeXMWBj	7IHpP0Tinq9P4QTF8iIuwYLBf8RuZTLFMUA2EulenFEh6u6I5pzlugnMm6OtzoJI	1744577325	bearer	openid profile email	d1uMcWdZeJmOYz7nmsleCfGxPbScsC3XN1bNbpXeEyw1gIWv5EZ6BClfgO6Ln6dkAO5j3C4H5xb8wEJapML9NO1BTdI2NBj5PtaNzbUCj17CC48sUT5UtqGRvYYi3Lx9	531f3664-ffc2-4ebd-bcfb-97ba96841e62
\.
    

COPY public.account (user_id, type, provider, provider_account_id, refresh_token, access_token, expires_at, token_type, scope, id_token, session_state) FROM stdin;
(SELECT id FROM public.user ORDER BY RANDOM() LIMIT 1)	oauth	google	366987517093259271397	nnRhBPdJZgKanxjqa4FYyBoi2jMjUafKLIrLPVWydmIj0uK3gce50AZ6WybUguTD	pUEpFPVpFRilyDHz7YrgYDAWmz5Y9Zdyy2XLQwKkSQRIr3YQLnxBSLgZamk19xHA	1744577325	bearer	openid profile email	hXSASYL5MdbqdnGWUKMvuocWOVSgoaJZmDwBUeI3pHmpqemqVh7dhu1QxlMEwfkrWTRg9HCJEKrYiOkUTOaN5ncegvz7zj8vi4v0FisCeX9eaX1g7v4szoBKrZyZ7HZy	d7ff243f-b764-4f70-a8b1-4eab5f9bc302
\.
    

COPY public.account (user_id, type, provider, provider_account_id, refresh_token, access_token, expires_at, token_type, scope, id_token, session_state) FROM stdin;
(SELECT id FROM public.user ORDER BY RANDOM() LIMIT 1)	oauth	google	439875501816135722750	si0WKTdl8O2bl3siBdt9ldrgTpQncCqc2rhhkG28UKhO4xkCJIt7JC6Q7P2a6Flj	xbIY4d5lJGEJnOwkSMuaCkyelcsO2kYEUMQZL2JN3KBWw3OWZbJ5CsqXdoA3sqaI	1744577325	bearer	openid profile email	wtxlAhAzGDq81LQkwWszHcnlwfIIS7Mhbr8eZnJ2RhuUxUOBTMCajSZse4SPv8DA4PikxNwJS8diGW9ybdXQktIIg54BUnrkmexOFotJvIn7XcWdSjIUkpzokdBfcKwl	bcdfd577-fbb4-4add-913c-d7a632bcfc94
\.
    

COPY public.account (user_id, type, provider, provider_account_id, refresh_token, access_token, expires_at, token_type, scope, id_token, session_state) FROM stdin;
(SELECT id FROM public.user ORDER BY RANDOM() LIMIT 1)	oauth	google	939895689012854030728	KdrfxZTVg73dwEqc5qqoPpYO538sDDy2PX5tGQyRbMO7v6kw08U5pPOIEXNq6Thn	oLHdKWoHeJ7ubU8Qh0NBXQL3aGipINISIkPGli5OTlt3bRDWQXKejeRrv5s3oU8i	1744577325	bearer	openid profile email	BYZgLweoiXOZB7R2mEh0rUGxhDje2lct0lP7KX90e2QyEHS3byVN3XJsDKePzN6DhRO18bACiJRPNe6JnETeWSmHYGmYthB8U1cQahdCXg7Yvi8RfFpXXnM7ygO59q9i	f39dc22b-d0e4-4a57-91f9-04e8b78b799d
\.
    

COPY public.account (user_id, type, provider, provider_account_id, refresh_token, access_token, expires_at, token_type, scope, id_token, session_state) FROM stdin;
(SELECT id FROM public.user ORDER BY RANDOM() LIMIT 1)	oauth	google	788130327548637740533	8UmlQmHMeck4fbNMScsrE0CKKfBsFGXMYjES3oiJQ4np3FuHNpamNaPjhcY3odAI	OLAgAQkuTrJYM3xUDDMNyCDCEkfVGkZZ7zQdi2RbIUIoGXuyRtQhg9ffqYA7cUrs	1744577325	bearer	openid profile email	F46a5gitsAPsfGgFDUhaDUfSfzhdVhcf3MGLouBkiQaOoA9tzybQSfLuETgAylbggMDWp8iY5h2L2R5xpOlntmBfQDDA7Jy5N7R2GsHuDJMvUhGc8uyLCdmWh54NwufL	e86fa799-c8e8-49dd-b247-aa2e0b705780
\.
    

COPY public.account (user_id, type, provider, provider_account_id, refresh_token, access_token, expires_at, token_type, scope, id_token, session_state) FROM stdin;
(SELECT id FROM public.user ORDER BY RANDOM() LIMIT 1)	oauth	google	953505823591586640492	Hgm976Kb0k0QsLiQCKJivYit89GZ5gpXfBOVSZuNhTXkSOoV5cdbVzzHXkUAERPq	6fgjrmiyJ3ld1dpSPp8WoGwEWFkFjhBXw9CwApLop9spUeOF3SrnWatsKFN4zXyr	1744577325	bearer	openid profile email	Qqs3xrR291cGXz9Ff3tpY9wLqxChWnFBfOuOlUaPeKJg24wEyoBlmPjWIZWvzaT0gSk6giALWX8QiqE8WR5cIiIZuDMvmkOMIJJPK6xEWs0aFtIqp6XP0CkJ2fupAUGt	e7240095-c5e1-4b73-8d2d-ce10a4bd89f8
\.
    

COPY public.account (user_id, type, provider, provider_account_id, refresh_token, access_token, expires_at, token_type, scope, id_token, session_state) FROM stdin;
(SELECT id FROM public.user ORDER BY RANDOM() LIMIT 1)	oauth	google	666781926536651159658	Yq20sfEnJegy0j9pV05l9NpRJPHishlmcKcDqnjKOkqQ2hYMocDCUt1KyyCbx9PZ	5CgVlJP4d2DA2hsCkac2Xk6yM8rhlp221Lzqxfi8JEoxy8UsgPD94xx3UMQTsxHY	1744577325	bearer	openid profile email	ASVCUej2dux8txgUlsQ96WmI2f6BFnZoB3xaJNzbNkKgQ7t92jsmdSbL7U8lC6kjc3jvugwIpzdOxnUaved9WHPawM9a2PvjMrckjjx2JCLUIxWzmCtWXU43h37u11nt	60c5ed14-8563-4299-87a8-51b0f5c20e24
\.
    

COPY public.account (user_id, type, provider, provider_account_id, refresh_token, access_token, expires_at, token_type, scope, id_token, session_state) FROM stdin;
(SELECT id FROM public.user ORDER BY RANDOM() LIMIT 1)	oauth	google	039667938717230943152	9mn0bqd9LEtq1cIJ2SnO1JefViHa2vOtGp821sQbDA6GB5XMC8YOqRHeB3gULzbe	RuvCkEPrOqJbP8xX8evjdvRz9TCzSMQ0MuMpBbmZk6vIENs9y9QY4BcJCpUMXT17	1744577325	bearer	openid profile email	ITJ8KsvAo7hyTm6uLpiARiomwMjQzC4BHFMayMBcF397lIxXibmybRsK5J4PqW0U0CiKfumlZURDQC6XlZo5idOXxOYbek1VHcKgQpcaFxnrGYWOLnWnGOjPCQ2f7Yu3	6eb24ebd-8314-4a70-8ccb-ebe2a04530cb
\.
    

COPY public.account (user_id, type, provider, provider_account_id, refresh_token, access_token, expires_at, token_type, scope, id_token, session_state) FROM stdin;
(SELECT id FROM public.user ORDER BY RANDOM() LIMIT 1)	oauth	google	653226735669093235201	UNkSIrV9x3Mcjj7zjz8lMd0FDKzSCFztLCLqtOhNSLJHAyA38p8lCJU6qXJHnP6G	wz2TphPog1tgoloYExUDumxaulcTNR5F8QXlu08i495ny25gw1e2LgPKKF0BXHRa	1744577325	bearer	openid profile email	i0M7h14zbqyiEMc9OPNXn9xmelGz1NrKfuVWbmGzKRWGEnPZfxA9w8hanlckKww3aO4dDjk8FOQqqt0zXn7OYQu4zPINT4hQ83nalpl31Bsy2jzaD9ZJ9fuEaV3mLONS	825008ed-ed38-4335-bbc1-89a229a663f8
\.
    

COPY public.account (user_id, type, provider, provider_account_id, refresh_token, access_token, expires_at, token_type, scope, id_token, session_state) FROM stdin;
(SELECT id FROM public.user ORDER BY RANDOM() LIMIT 1)	oauth	google	671979280260795155302	WJRu9NMVSzu8XCPdP7OxHXC78tJ0rBWHMakUl3JfT9qyyaTz626wFis0rFn5Tbng	sT0KYf7sQXez2KzCmsfQILfQnUvCpImQKoGR8lLtsN1ID7lJokxRTr4HzJpTdZxG	1744577325	bearer	openid profile email	ukzTLnjxqRxnEiMaFIz0c7CX9U9brCV7W60kFAH1NCbdMp94bsdx7hY9OICdzXqkewtrmKwTiGLiNmkjFMBZ82JxYhYSlCtvuCTmqj2Xd014oJ09RTruv3cHcflHueyz	9a189b0f-20b9-4ccf-b989-c53d63036fea
\.
    

COPY public.account (user_id, type, provider, provider_account_id, refresh_token, access_token, expires_at, token_type, scope, id_token, session_state) FROM stdin;
(SELECT id FROM public.user ORDER BY RANDOM() LIMIT 1)	oauth	google	194648993444853815119	GXbWdScXV0XoOHuTkosTXaggDP2PsW7H1EPOSWvDzmPxQ9CO8luSsfS4wk4RnbUP	QIvZtsM962oM02fngdPX34u7aj7K7xeD76D4kyhvbRBN3xZKaWYqsRkMDsW1rvil	1744577325	bearer	openid profile email	0nFOzNpmYAROYae0IxGDEiP1Zq5blTrSRQAnjP10thDSEInGz5wBndB20VaC05bE22cc5bl9lGLMz5UoYGjwa8igPBFmyExLazfEqCaQmKHVQBgfvc0v7jyfS4fTFNpR	444ec67b-caa2-4b3d-8241-df0345de41e8
\.
    

COPY public.account (user_id, type, provider, provider_account_id, refresh_token, access_token, expires_at, token_type, scope, id_token, session_state) FROM stdin;
(SELECT id FROM public.user ORDER BY RANDOM() LIMIT 1)	oauth	google	461308137480291359631	CvPQBWkTUF2LPe9efDLyFHRY7vGRmxJFO5UdeFyLcAJxyyCAADUSphF7jAILGuR6	hy8wNBlkBeT6N2mULzXMxsdT0Hye4uj9XOkwAxUhx1fdN0Pz3EAaPiGjsygiX6fr	1744577325	bearer	openid profile email	hhBWyftJGZzy7qw0V6LHWfvhNDQG5aY6HjUD6QeNGi4Nsk98V0lNrDpmXy9APMwTH0kl2iayU4OCGxyLtlkZI1oGmitbGTjrBntXu3iIbRSXGfprJN4enDbHWXVlYie1	5066e520-5472-432b-b6e7-723bf7088d43
\.
    

COPY public.account (user_id, type, provider, provider_account_id, refresh_token, access_token, expires_at, token_type, scope, id_token, session_state) FROM stdin;
(SELECT id FROM public.user ORDER BY RANDOM() LIMIT 1)	oauth	google	032911374856052860909	3g6b2AAM6J0PAvJzktAGHguHlNRztv3sOJ5eate1cLhY5LaYjkxU8wMWsc3CrFFP	X6ARKS5KexKZmvlDzUJGULun8SeUMwMESpgZu6WwKqSGNVf1c5NCcJ6UuhhbxMOK	1744577325	bearer	openid profile email	wdptpTRweL0HmI1g029C7SstAFk5n3hHNVv6YpIB74oQkJqDDRU3nV2ubaSgCld63P0qsWP2ytqkH3jkoq5lv2mIdiaZCpsfGO8ySRidaN3Twa6Rml7RInjeaARtUZaG	1d979776-2237-4298-afb3-5aaa2521590a
\.
    

COPY public.account (user_id, type, provider, provider_account_id, refresh_token, access_token, expires_at, token_type, scope, id_token, session_state) FROM stdin;
(SELECT id FROM public.user ORDER BY RANDOM() LIMIT 1)	oauth	google	235542546546453651362	GexN1ti8fjA20s6hnV98UsxXEH5nZ94eqV8APxwTaQAv7UPDFoe1390HM1MqNkYR	FyABDrwOZ7ik4GmYmlQbW3H2w9ZIsSlEw5I6lADKjnNz2CpgtF53yBUWQkvO0EHj	1744577325	bearer	openid profile email	bcJQHbC9BsJ2AreEBtNbwWBWMODwAwSmA5svQXZA4lC8WnRIweX51owWhyJo9UifsINj82yd8NoV32MZh5gRJo2LloiXCHOBCcNakwboLCApqqElhSFQqu9cQ5g0zOBQ	d7fd09c0-c1ab-4414-aac7-9c400d0da2a6
\.
    

COPY public.account (user_id, type, provider, provider_account_id, refresh_token, access_token, expires_at, token_type, scope, id_token, session_state) FROM stdin;
(SELECT id FROM public.user ORDER BY RANDOM() LIMIT 1)	oauth	google	816487103800669659071	dFayfgA9Rek7AYldPlZE1q2QS21YgLaF0PInxk8StlUzagiobATabonPyx5114Xv	uRwD1thjNWN0bJz4a0zYqqvKCvgaKqUbrOLTgexIGELtA7SrNz9M30IwQLbkLcYS	1744577325	bearer	openid profile email	M1ewIDEPPoO5TcC9RF4sRICX0Bd08OLRzi0AY4DA3zAglUPrueTU1QZkEvJupQerZSgnv6nl3cmRO3XDWDbP00LOC0Cwpwt5ZOerdSzOBlID278gXfPnXFdgTjzAWDI1	253101f5-335b-4a3e-8f62-171b7917ea04
\.
    

COPY public.account (user_id, type, provider, provider_account_id, refresh_token, access_token, expires_at, token_type, scope, id_token, session_state) FROM stdin;
(SELECT id FROM public.user ORDER BY RANDOM() LIMIT 1)	oauth	google	424640771694905686861	UgDZ9Lnd1awzXnYYffpdlLMR0LC3HhuXLD1UOd7cYHCQHA1O6lZFMMzpijSinDJh	wH87AG7jgt1zuNDZJmuKJxsvRrCaPsMZ4Ry0Tlnr3C9Pq2TPdVzPcggTQgCckq34	1744577325	bearer	openid profile email	KuDyI86NUAByzSzKSaUKNJtTF98z0tQl0AG9ak43nPIYCbyfxtFE0vmFRsTTNKZ3YcTNAngwpeOR6spbWITSAmkyco3spf0lO6p2GMiMHcz1Aa7WTrPN60slGHybvZto	99ba0b8d-96ac-4653-9571-9e93907a796f
\.
    

COPY public.account (user_id, type, provider, provider_account_id, refresh_token, access_token, expires_at, token_type, scope, id_token, session_state) FROM stdin;
(SELECT id FROM public.user ORDER BY RANDOM() LIMIT 1)	oauth	google	860443186794611333876	WKDd9Cyib75sQAO0obpC6pxUDOMxmK2StTeH24iIZje2XBfc0hRblwAAmEpyZt2E	Ixw72iLTtOVtOBvFHKa92ycig5ecx6ztoyGqVFYl9ymwLFM8VJgG4pjc0rkZczaS	1744577325	bearer	openid profile email	Xmw6oDlHFGMEK6W49SmqARyD7BeubCpOJ1HkiL6V5LLClHqP6NBPFfBnBGILdKKzw83dGHxX0srUMTUMSrCME2qW9g7LN9OcOuJvkJNNSXI1TmKKmvXO1ZRA3ndY7eBh	57ce4e36-adec-4c54-a5da-554c0b389f4b
\.
    

COPY public.account (user_id, type, provider, provider_account_id, refresh_token, access_token, expires_at, token_type, scope, id_token, session_state) FROM stdin;
(SELECT id FROM public.user ORDER BY RANDOM() LIMIT 1)	oauth	google	265340707490829205966	d75w5nnKFSw86HjoKrSY2wv5eqZy9g3AFiEAiwC3OEAoaZ93J4ra60pVMnqToUqx	Q1Cg6shDpRf3fdJA8GjKCNIBO73vftz4A1C6YGKbnC420Qpipzb04pOmSfAgCfox	1744577325	bearer	openid profile email	jMseR1uztLYHazVvM8vR1bvyhuAlCdgNLeIf0lXX0eJNYP56RIIO8os0seiSbX1SilVdSqqC1lmTut7XNjI8qLU5JluzMqAUGyBilRZsUmM5ZnmS81hETRCZqJMIx7iw	60adf5f8-32c0-432a-96aa-ee70e8a18861
\.
    

COPY public.account (user_id, type, provider, provider_account_id, refresh_token, access_token, expires_at, token_type, scope, id_token, session_state) FROM stdin;
(SELECT id FROM public.user ORDER BY RANDOM() LIMIT 1)	oauth	google	226968915057229406825	4UxEzAKWLfhrmuS7Y78j19sPlacqQ6u2cGBVixUe0Jkr5EfPBThVz9CwN22pTi72	SMG2Sj0DAgEfUOf9xNL87wYuInFZS8nRGJRhfx6eQ0X3OGfvNh37c0E33ykZz9GS	1744577325	bearer	openid profile email	aDgw2wfU8fgtmqyZlGjI0LuYhClbZ5FlwFwryWcE2h1TFDgnoXa1VTxBUT18NT9DJRXzlgbnhsxq1y0r3zMHdBUgAHwl0CF1LtkSgkmddgFMuFscDB0KSYovN0mpVJ4v	87d5ce9f-2ca3-49f0-a50e-cd7da96de59e
\.
    

COPY public.account (user_id, type, provider, provider_account_id, refresh_token, access_token, expires_at, token_type, scope, id_token, session_state) FROM stdin;
(SELECT id FROM public.user ORDER BY RANDOM() LIMIT 1)	oauth	google	275490302930546106605	VF9sRLeQaGZs2k0tE70clhe5VuVKwGhUTWEUC7fmovH3VdsEjO4mxy3YQUpapejy	juPlwmEh9cDwXNCNr4xKSJj7wunCde99PhsAhpl3OoLSv3NxLqPBOnV7iJxMKF2p	1744577325	bearer	openid profile email	EF15pRyN2dtttmRYJ47yLHoD3AngWANAroURikzDGjdSJmEzNdEalf9xQYhMWojxYb3Hc2tUF1RpsHlX5zU8iVzSolJ8kUpAmF8Yn3j4eoEEdtJ22XsGcip0govZVPBJ	3aa69750-f089-466f-8b98-4a742ea26a17
\.
    

COPY public.account (user_id, type, provider, provider_account_id, refresh_token, access_token, expires_at, token_type, scope, id_token, session_state) FROM stdin;
(SELECT id FROM public.user ORDER BY RANDOM() LIMIT 1)	oauth	google	600209770038153282675	s7L0TJgKRivFbWNyzD9dhowYsXs2NX78duM7PtunC3D5OjJr296ZW11Ew0ePCHdd	6rsfiHonErGAZ724KZsw794S1ebc47fq88Y3dRWtnvvETR6GoUa9D244PgYzwFXB	1744577325	bearer	openid profile email	fOyjC7OeTrozBGdTbFiAcKk6rKLtS6TOxRIZIExiDpCh4GuSibTBcV2eg2fu9ADeUG5spKkSPYHBJLsWTBz9YIvXWk5FEUXst0aFLLNnKYy6BqBOJjpRE05wM4B8sr0g	30d814da-9c12-45b0-a143-7e28ca8ef784
\.
    

COPY public.account (user_id, type, provider, provider_account_id, refresh_token, access_token, expires_at, token_type, scope, id_token, session_state) FROM stdin;
(SELECT id FROM public.user ORDER BY RANDOM() LIMIT 1)	oauth	google	929930930262791115502	CUBKj7ryVuDv0wwDqI4XgmQBR4BFDbf19TxyVBnggLpnulONnuOxfHzth6C2JKkA	ofLIYMihUDKzZ3HpYBFYOfx73lE4PUIVzv1WLg1DvcyWFVmIFvAAyJePLXxS0Mvn	1744577325	bearer	openid profile email	Bdz2dwbEC5kRk0vannpdLDb3Ct4qQDD5YbPIlzYMBPKgZKJTE4zMapo7DHC0JmNh21fckd3R7oxGDVKkPDuHYGyNfR73u46J6aOmu67PgW5BoDREys9ItLD4w47L4SGq	1fa6260e-be58-4cab-ade4-e523d0ff90cf
\.
    

COPY public.account (user_id, type, provider, provider_account_id, refresh_token, access_token, expires_at, token_type, scope, id_token, session_state) FROM stdin;
(SELECT id FROM public.user ORDER BY RANDOM() LIMIT 1)	oauth	google	726686270035764068389	cimNwQsshroKJBLXfXGn42FT7Jxw9YdtQxvt57gnPNf2agpiCRzZkhTp4LIXW7dZ	iuWDDzxN9JLfzN7z9V5VkHwx36AL11plzooGYnx5kfuU5cC6M8CuBVKRcshptmr0	1744577325	bearer	openid profile email	IKx3EalRJS58FXNXgKSm5bt5VfZamAPQw85eCkgAmxdBn5UELoGer3He0fMCHXRL31Lypi5XbWhcU633FcPxoXj1tlmJdkWSi2w47tV8UAAf2eMaAIhdsWWaQrlrg162	77d58d32-71a6-44af-8acf-1631a5f4a7d2
\.
    

COPY public.account (user_id, type, provider, provider_account_id, refresh_token, access_token, expires_at, token_type, scope, id_token, session_state) FROM stdin;
(SELECT id FROM public.user ORDER BY RANDOM() LIMIT 1)	oauth	google	036159552409219434252	IgtI0o8mFJJlmsOeDKIcUBWslHCczajCqmwup1Tfg6Xasn5EfqJfuccBq8hdZn3K	A3XFSWEk5wLG7gP66OoFKKyyKDyaEAfsSlXt7pDYTsgBAkkmbdgKSn09CHIhcKRp	1744577325	bearer	openid profile email	l2gZ9ksJ1aPZKTvetMf8Je0UYFcm9JQOEdZ9AbaLDSQ5LJwpQuhcnKZpV4I1qGGaFxkbt2hVooWWlGoC1Ip3dgrEwDARX1uyhkuWelIQREjGJ9vVBxKiTO1kmdBTxzoI	0262587f-89e1-4afc-ac9d-4236dd2fbdf5
\.
    

COPY public.account (user_id, type, provider, provider_account_id, refresh_token, access_token, expires_at, token_type, scope, id_token, session_state) FROM stdin;
(SELECT id FROM public.user ORDER BY RANDOM() LIMIT 1)	oauth	google	212869782956420383400	AyjHSZLDRFujznkMRHzJF52s07RKXBM7T2IGtFsMRXLwdNt8BzBxJUGbsMSJQrOZ	37PB6yY3fdvQ6St0YLhoDVra9bUJjlb8uuciV5K4PZQRqMKid2pDgELqbBQAdOgb	1744577325	bearer	openid profile email	SuK25aqulrCOSpEcmieJdouHFL2AJpq64DBExwhWLT6V474hKWsEtJXT89gGXPIeYaSIQPXptiK5C0Uenl1jiTNFjvGftpPuhwznIPB6yEeDpHHrZHmQmhpzCf2eVROt	3260d17c-9470-4539-adb6-6e7ef81751b4
\.
    

COPY public.account (user_id, type, provider, provider_account_id, refresh_token, access_token, expires_at, token_type, scope, id_token, session_state) FROM stdin;
(SELECT id FROM public.user ORDER BY RANDOM() LIMIT 1)	oauth	google	367048577904864740693	4nLDOLMlchLCIP5v37SyscGlNb48nIddwQLGLbxHtxme37HkNtUbp8R3b6a3zgiz	Fvai50iJeP5uK2B7rMiD1fpqbYXSXZwN3E7S5JVFskWcOQymX8lbDFO64Rx8kQd1	1744577325	bearer	openid profile email	gUp6leuKk8I3AtTew6tYO9CktUscAva8JDhtTALTQjEVYOiasEBIQHMRib1KuLVlOUcPBrkTXtMaRSmvHovLBM7ik0R3A1kcl6E8fVz6e0hT8cb4HhxfD7o9AhfUJYgI	02e8a5d2-0af1-4569-85c3-805ca378d271
\.
    

COPY public.account (user_id, type, provider, provider_account_id, refresh_token, access_token, expires_at, token_type, scope, id_token, session_state) FROM stdin;
(SELECT id FROM public.user ORDER BY RANDOM() LIMIT 1)	oauth	google	292468045505023693285	mEOkwnBmHKy6f9WO9yuVEcR9LxepBK3DyC4ZiYuH7qm0tCGST3puZ3UfqnkEPObF	KOH9WZUqlT7X4bj19xFicfbI6cQdkav2XASTB2aIiROB9irsrzwoKsI8jIHNNBkz	1744577325	bearer	openid profile email	2dAPvh9wd4pNTJVRkYqkaqi0ldYjxXWm0L9yoJ9XvkAX0TiwvQSAMeD7lBCHWXTjueGgTGDKK3ATONd31k9nZgPdZ6Ntk0eQdNSU3EemdXHzdeWnqGjgUh52iZVW01QY	9bc9d315-8bab-46cf-8045-432f5ed8d770
\.
    

COPY public.account (user_id, type, provider, provider_account_id, refresh_token, access_token, expires_at, token_type, scope, id_token, session_state) FROM stdin;
(SELECT id FROM public.user ORDER BY RANDOM() LIMIT 1)	oauth	google	729372093983610979959	isNbglbG6itWKSXvp3XkzoG2jCruK8Y73OgNDVzUZlCH86HyjdzLEm2FO6MuKBkd	pkWoJigyIGyQ7FdL5lTTaKKT44lAZA8dpeN5Aa5UDVDG2zYP2Rv6YGygXaIBxjRD	1744577325	bearer	openid profile email	MhEBk54IgQk0TJXjdxyEoIVwxN4DY85Jyuv7MXw5CbIGOSWP8K2HTmorrQPs9amR8j9Z0wAle6dQz7lxNQ5srwAtFbskrpk5L7uO80cb5HRZwgfhDCqubotrxu8SRooI	847848b4-ddd5-490d-8ac2-16f26dbbbfb8
\.
    

COPY public.account (user_id, type, provider, provider_account_id, refresh_token, access_token, expires_at, token_type, scope, id_token, session_state) FROM stdin;
(SELECT id FROM public.user ORDER BY RANDOM() LIMIT 1)	oauth	google	094260003544668235291	G8m8sO4QKj2cfi6n0rJYawtSatdYSsiXxGQEw7WXLF4yjU4HcsUiS6T4QQBqazdi	kQ7bOddDsDLCdKypn8m8kgNIo7t7saggg7e5vA2OecTcNxaTMN0Fu12o8P4Ct5QN	1744577325	bearer	openid profile email	ZMzFZwpy6Qc5QTgdH6zniUfJzDnouaTfFZeadm7Lh3jdcQuCaf69GdqIucFInNw3tTydWxildW6wwHd8UcftMgBcF7uDMz2voSLhXHfu9alkAl9OJJoULBFSyIFKTXC5	59e15b12-63a0-4e5c-a161-5510db332ba2
\.
    

COPY public.account (user_id, type, provider, provider_account_id, refresh_token, access_token, expires_at, token_type, scope, id_token, session_state) FROM stdin;
(SELECT id FROM public.user ORDER BY RANDOM() LIMIT 1)	oauth	google	781641784279002790968	4YWvQkAjpIiWoclRIKnYqTLeuBSgNUdPnTOU8bDDIVwma294XN8ZcjmRlVvG8OP5	GjD0AsmwGy0Axr49JjiuBTPMoEFDMncbi3wlhleld7LMTIXXlyvjIlUN0LBWMvAF	1744577325	bearer	openid profile email	RbVKY2psyFnZm9MObLFzetSAeLHtHCBmyxBaBkuCUGlGR6xL2Ziej1XQ8YDiFSjzfksmhvWYOfcNq3SQg5EPDQkGBjvA5L05o8SCFbh5BrKzR4jdI1h9SnDBmIlfczik	79d70372-7832-4c08-a056-97942c50a1f2
\.
    

COPY public.account (user_id, type, provider, provider_account_id, refresh_token, access_token, expires_at, token_type, scope, id_token, session_state) FROM stdin;
(SELECT id FROM public.user ORDER BY RANDOM() LIMIT 1)	oauth	google	093119451937536102607	58J4xuanq1SKEI0zDCaM9yPoAXx2bEuz0lwqUsIKqnHUn1I8uybmZmWPDm5HDVGm	KhKuTy8fT07trHtIm2anGV7TynRAXNvbC6OqMIsUVQrJIIDPJbMHpzdRa77WaUFm	1744577325	bearer	openid profile email	xJkYleDv7Tas3nOfFmufxINnmiCUd53rsHHqCDqMmJPM4vwZolIVK5ShDEvObsDdxaWMqguoDEbDDjTt0ZiBG4inKhOcNYslEYugvHGHkzbT2RniLjaSbfdfU4QVS8a7	7e58488d-a0aa-4803-bc2b-8ea453835b6f
\.
    

COPY public.account (user_id, type, provider, provider_account_id, refresh_token, access_token, expires_at, token_type, scope, id_token, session_state) FROM stdin;
(SELECT id FROM public.user ORDER BY RANDOM() LIMIT 1)	oauth	google	978333792857119787921	4G58VnlRxC98EUMQh8KM0mixRNsm4BlcE147jJMMG3zaXkyCcqTX4W5J07XvNEJx	NYVLigIP9OxYCYBltKcsYlfpJf26CZs7gnLEPGXGx6cDQzirzkJSGYyfJF5SXnl7	1744577325	bearer	openid profile email	ru0CYDnaRFYF6kZvRBVHuDMu2ZC8BIq5acQBJpWQ4UWBHCounTypoKaQ9zZBkilg38BhkFq1Di2nW7nAJn2pgcQUfxppmUqVDmNuadPf8PTzXy9XZCcNjtaJtoefqS2q	87a9f1e1-8464-4f7c-943f-6e7087e53cc2
\.
    

COPY public.account (user_id, type, provider, provider_account_id, refresh_token, access_token, expires_at, token_type, scope, id_token, session_state) FROM stdin;
(SELECT id FROM public.user ORDER BY RANDOM() LIMIT 1)	oauth	google	738468948225397226543	OxBFqo0q3vSyane3OwqPvSRBrg9ifDyBeKM9MQmCw9srgz0WKglMSveaJEXL7sIm	my1Wu5WXcfrwmmIZGdWAjJf0XsxBdNAFalSfdRDc1mP00QtFLJFfRDuuRJGSCM2T	1744577325	bearer	openid profile email	ghLmzEpRNyod9mhBfq05UWwoKOy08pqp13wv7yPmaTpk2ATvTlRv1yfkgbbJBlxwUmjDZASrJHmzJc806P74apQaWhlAqpxsHSpytakTH4c2DOt2RZA6fzCLyH6lKUCD	597e0143-22b7-42fe-a55f-a0ffea4ecbfd
\.
    

COPY public.account (user_id, type, provider, provider_account_id, refresh_token, access_token, expires_at, token_type, scope, id_token, session_state) FROM stdin;
(SELECT id FROM public.user ORDER BY RANDOM() LIMIT 1)	oauth	google	649145615078858761069	ROOlvx3stuLNXjmYhvp3DkijrCUFW7ReU3ZamMy7qKHYPQn9s9xfS18QkfeJtcdi	NymEC9pteAG1ppeXsh3KF1NYN9ikZe10Ebb6aGH7Es0wa9EpmtlP2sBByFoXVrJh	1744577325	bearer	openid profile email	zxGii8J4ORQ9wl8APdwMCXrAmUx82e9hnQzvOox7TS06BKbgCn0sRSAwnyT5EIzc3dfYZh7CISPWL9DocQ5MnBOHPdia6NmCCA5260QQJgsPG0jPwwoDfsGxjw40AjAw	e1a64dc2-b1df-4ebc-841d-3093b86ef0ab
\.
    

COPY public.account (user_id, type, provider, provider_account_id, refresh_token, access_token, expires_at, token_type, scope, id_token, session_state) FROM stdin;
(SELECT id FROM public.user ORDER BY RANDOM() LIMIT 1)	oauth	google	058018896303691919150	W0ogfd8b0zvJATCNhqqHwBUs3oJaijFOs4bjjRvE1etfFEBUHQLK3eBmEMbFl9CZ	o5ta1EGIvakFiyMkVcTWlEhJiksNFR8ttEzprYcxICPGY8GTZsBhygulyLsVNxdh	1744577325	bearer	openid profile email	YGuzDLzqX5fSDr3GY5OiteN7s383fawyQixcYK9Zj4DytmxNlr8Y7KZYqPTLSUFJdCIhC5m9d0JNADvtoboLKeuoCkzDSrzuIVjeTAOY2vwbw0W5eafSjQaYSYSppf2j	4d43bad3-a24d-4722-90d6-361d6b0598f9
\.
    

COPY public.account (user_id, type, provider, provider_account_id, refresh_token, access_token, expires_at, token_type, scope, id_token, session_state) FROM stdin;
(SELECT id FROM public.user ORDER BY RANDOM() LIMIT 1)	oauth	google	935210899415898880259	JiV9AjarcnyuFcgDQ8vWmyJulBdcOTfMAQ5YvzllB02CD1EvmCTqrsYPpdJ7hbsW	ODejXGkaD5xigyGjwNaOqqexQPEoolpbhCLwkx7cW2heK5eFG27vL47QrW98H4AR	1744577325	bearer	openid profile email	MI5FqC5QpIm6SwfzGGsRJ1jOnIACjvCAVRMZAt7gHRPT0nAmtppejG8zA7b3uQODJEKCw57Ecl8u0Elby7rTq7wBLCVops3PTrqRm4k8AioXfn5BLQ1gEE5hbEI33imu	3a15a7eb-538c-4d7d-813e-6226c3abecf4
\.
    

COPY public.account (user_id, type, provider, provider_account_id, refresh_token, access_token, expires_at, token_type, scope, id_token, session_state) FROM stdin;
(SELECT id FROM public.user ORDER BY RANDOM() LIMIT 1)	oauth	google	687221215262642934615	6OFDItrLCrcDdpmB6KKQCEVazSJzEf9VuC3Kpl9TLDNqTTl7Y8Nu9W3Q6wQfeZPa	CIqsglJfxZc7ZstkXQsnum3mkH8x2VY3NWtWvZlEcRmrHoXFQ5GUwC6vuPI2lvrs	1744577325	bearer	openid profile email	U1VuUFv4NyN87aerQpaUe7mufE8gZxPGDndyQ3XJaC3cNJg7VauW63NUmdUwfVtorz775R3yI9ppUqgsHUlmvHgVjAY6qRDxIRncO8x8qDYxAnZFZTrxjIj7WoyZgK2q	e1330fdb-7819-4828-bae8-00a391d77d59
\.
    

COPY public.account (user_id, type, provider, provider_account_id, refresh_token, access_token, expires_at, token_type, scope, id_token, session_state) FROM stdin;
(SELECT id FROM public.user ORDER BY RANDOM() LIMIT 1)	oauth	google	105221207219169568091	BZ4dpuKySbxPLHLUDIkZqub3Cb6yxWJ9Z83ZjhgrR0icXNzNr7dutep4SJMxEs4F	mhmag0eOshI7UFR8QXigzbfyn7rnUKiNMvltM3wt6yoV3dHkLJAYaIMZ2OCWTk3P	1744577325	bearer	openid profile email	VaBZr7UKnXQ4p9bL5Jd27FugZAnxDWTboqTRQ88G083MNlUiaPRr8eNSPK6HIAiFiFHqNzwlpHPOeH6avOYdXcncJPEFRI3YduvLeeRHgM5tMBRmsarPtMzBvSu1CSX5	7b3d29db-2aa9-4aa7-a670-007cd6ce151a
\.
    

COPY public.account (user_id, type, provider, provider_account_id, refresh_token, access_token, expires_at, token_type, scope, id_token, session_state) FROM stdin;
(SELECT id FROM public.user ORDER BY RANDOM() LIMIT 1)	oauth	google	865622101440465193280	PhMblWjZIHZWHtKyWVV6s2mK65X45Y6ruROJkfiLVE1K2oSlDZdKpESVYExm9PPp	vVxVgn1uCgr69RaP68EjKPik2QJsA2B31jvQS7lIpcPoSln7GZbL6LQ31duBhGqP	1744577325	bearer	openid profile email	zygesahntgCdJXxpETh36OKZXZt99JwUaP5Pg202B4RrVHVS9c2Z88h4VAZpylLkprrbyt4B8hfopHppFK9ITbXNTjGjBHXDf3zXfU3twT659wbiCpNHFmthwgJvR1pF	f6084cff-4ac1-4809-b0fb-42460decf15f
\.
    

COPY public.account (user_id, type, provider, provider_account_id, refresh_token, access_token, expires_at, token_type, scope, id_token, session_state) FROM stdin;
(SELECT id FROM public.user ORDER BY RANDOM() LIMIT 1)	oauth	google	068489767214568847106	7uPJECEIK6LvMi1pZHLJJQxZajkLvKuWcvZiRdlzlfPa6X4qOZwMYdKlal6JFDaU	csOd7mKYO9mZdsRwtd91CjEubAVJFo2Gw5vTk2UyGKOyuAg9R8tBwydSJb35m7Gz	1744577325	bearer	openid profile email	RCQXSGLknSEc16r0efnk8PsfObiALQA00fRWFSdQf2H1h1GKThfrc7l53kzPZy9WY3RQ6Mdi159E9XMWGZK3a7nwfqnjrHp2GuPh53htoCjey9tIjowhUNDalu6CfL6Y	e8b3c7bc-32f1-4491-a953-c271360e5af4
\.
    

COPY public.account (user_id, type, provider, provider_account_id, refresh_token, access_token, expires_at, token_type, scope, id_token, session_state) FROM stdin;
(SELECT id FROM public.user ORDER BY RANDOM() LIMIT 1)	oauth	google	627470986068135658903	6bIxUC67NvQ989tnQMm0kBJXFdjoQV9EGH7HsYt776YB1WpNLHEK1slrIwLOCk8n	nhXL9Y8FbQnit4t3ijBNfclaF57fdc1ZgOktkTHTYsqP0JwZs9t6PDlmHW7yLgol	1744577325	bearer	openid profile email	NUYWPykEaAqSxOyqGFPwHGQJkK4t7TPnyTwVsobCscbk5Uav76zyg3YnLOBnMsklVc9W8jaZn7XryTWiSTFodfArdZHSrordiHXvmrJYhksFZqXBXkePjo09SX3JIdYD	65640d39-5019-4819-a025-7d2d81d1b42a
\.
    

COPY public.account (user_id, type, provider, provider_account_id, refresh_token, access_token, expires_at, token_type, scope, id_token, session_state) FROM stdin;
(SELECT id FROM public.user ORDER BY RANDOM() LIMIT 1)	oauth	google	250877185755934873233	uJENfwxjxdXk0ieGKLUKpQmrSLeMGC4yeYfVy2c78qTNtpjUSTQLlDKOViTJqTTM	0fxHc9hKuYIkFizXPTxB5dqdYMIbqxja5fzOlZ1Jux3uY0YUxrW40PSm23TDbTc0	1744577325	bearer	openid profile email	072gRocxlEiRV6mEdoO6Kh6NBg7bu8Adguqm8hoBid5WwfeYQjlzagCJsqM5AOPp8NMWEkWhTW3AZ6XKmj57kDdeoSAGxadGM9qcC4jRFORSTShAfLXEv26fDhvS5nX2	65860d3c-1664-42fd-9c3d-53877c7a4651
\.
    

COPY public.account (user_id, type, provider, provider_account_id, refresh_token, access_token, expires_at, token_type, scope, id_token, session_state) FROM stdin;
(SELECT id FROM public.user ORDER BY RANDOM() LIMIT 1)	oauth	google	477505906843543472675	axlHdP5JeK7Mxy6VvzytiuonbAcCzAX6rxowQ6l9uNvGA2hkEStmzshF4TUmAOxw	UogJxttqnggPJHOfgGzg1Gkzh4b1ljn4DSCUOfdrYgBzRq9uvh4BlltQnjf4Jpjc	1744577325	bearer	openid profile email	cZ2Z6Hc6le53uCBbazNU6aNbnoCzwDejzkOpX0FgbKvjR2w6AtY2kcpNt68ND9n0RZY4OgokcBAfpeZaVmT0HUnoAoL7N29XlVtITEB8O86Q5mrNdKlWbrdZqUijBU6Y	b3247647-94e5-4015-b6bc-8fcb620810c7
\.
    

COPY public.account (user_id, type, provider, provider_account_id, refresh_token, access_token, expires_at, token_type, scope, id_token, session_state) FROM stdin;
(SELECT id FROM public.user ORDER BY RANDOM() LIMIT 1)	oauth	google	462459368044509999406	meKCoGjGM1gsONEek0VfhDuFfxGBOBxRM5rj1BrNwa8wgj01i7Ac6LAOvXk2qmmf	BfYTxKwSNaA9GrJmPstYUcY981k3EzHktzBtVoE5ZlyCwhCvBbvbXAXiyDWRxCUE	1744577325	bearer	openid profile email	SMjAyaWwitThymCIK2BYX9fp4xaOUfC1DPtE4QiOuznqF7dlkmZRkmtXufcb11aBWjdjAo5jc5VnvG9jVECXks1fPu7IT7DQY7hwKHPz9yUc7IIXqGqKQpMC8yDlH2xx	76e6cd32-c47e-4ad9-bf64-3a1540b8fcdf
\.
    

COPY public.account (user_id, type, provider, provider_account_id, refresh_token, access_token, expires_at, token_type, scope, id_token, session_state) FROM stdin;
(SELECT id FROM public.user ORDER BY RANDOM() LIMIT 1)	oauth	google	961839133269883006950	IsMFCOqWhGS7o2nfyFqaXbMvmSsMpMv1O470i23gKOl3tgFjwOAVoR5nbZ7nkQPX	ea8oQhcZkfiO6JHDVbWV2i3pGZamxulinGZABAeSKMevxs7gTIT8qaXXNV8MHyJW	1744577325	bearer	openid profile email	cNYmj2hz7cyCTBFROx9bNR65qdbPubFWZ170Jz4fB6nDec2CbfgrGL7tTQ6jYNJTv4MM9BQ2GztAeNLt4LYmo4qlKpny0foW1hpyxuwruDmL52L8BYJ7HkiUiJPWgrIh	c444abfc-b614-4573-8eaf-320885524bdc
\.
    

COPY public.account (user_id, type, provider, provider_account_id, refresh_token, access_token, expires_at, token_type, scope, id_token, session_state) FROM stdin;
(SELECT id FROM public.user ORDER BY RANDOM() LIMIT 1)	oauth	google	864662485118218566501	IENBfmfkluSZKgPc9IPKz0VUIgeDCvSysbwJqAXBWv7Fn6azr7PqqmfaeM03k2BL	9TNKgDE4LOJxyiVPw08AsZEkbbyG7VNu1B3n543OlO9RXbXeKG3uClys4Au75Qfv	1744577325	bearer	openid profile email	JhfBspXPAdb3QoVNoTh0031PaEAsQhKuQjjpy1yRwhvLhAGm5ONYzoYy1I19IcoXqozPtPtpbpiPdghzucqOxBj6XxiXI9wemNXwFgpBL8punhRDu6KgjemJuofsnkST	17365659-ee2c-4309-9fd6-201c578dcb40
\.
    

COPY public.account (user_id, type, provider, provider_account_id, refresh_token, access_token, expires_at, token_type, scope, id_token, session_state) FROM stdin;
(SELECT id FROM public.user ORDER BY RANDOM() LIMIT 1)	oauth	google	345669896945141721138	Bic2O6Uy7K1oCUN3qbtJOCixEJV0fg7mHGf9kwTGI6gfMsnsmYTBdaI8bNEOkSAU	SS5LyA1s8IbkDWtWs0O0BkWVKTK492WXPCh9BxcQk3X1KdQLOqsGvQoXiKUqIBr1	1744577325	bearer	openid profile email	xznGFHEEOwnd3UfAk4ZUMKVcwCBRZtzdOp5ynWPv6J8CfIcD7hCE9nuGYfzmgPaod0OjA0gVAzo5LvoO5BE30latbFVldde0xyPfzN91uGP25StO4meuWo8ma6aiboxR	3f9a26da-7112-41a0-bd9d-952e037681b1
\.
    

COPY public.account (user_id, type, provider, provider_account_id, refresh_token, access_token, expires_at, token_type, scope, id_token, session_state) FROM stdin;
(SELECT id FROM public.user ORDER BY RANDOM() LIMIT 1)	oauth	google	665537853977473538110	x1Or8kxbZPVCU9G30dAFr92E6M4ZjL1IwG5SaJAlvDHfcIrTbwykTURBzKt7jc5H	BBi4NkOJZEzJmWvcPGsvoZGnjjRWr9jgKavjVa3hK8MZsAfFg4DCUe9qzpPCDBFB	1744577325	bearer	openid profile email	F0SqQfxxLcidGr6FNKmHgnhJjDtVfi0q0spCN8i1pNNMmAkEGcmalJskMGDkJFTU4hYaoOFWi7wNqYPdUqW6N7KHJiA22ndV6byZv89uFcC3CcShfOXuCBlhf6i4M6Fq	0a58d102-6fd0-487f-b565-611b9aac8544
\.
    

COPY public.account (user_id, type, provider, provider_account_id, refresh_token, access_token, expires_at, token_type, scope, id_token, session_state) FROM stdin;
(SELECT id FROM public.user ORDER BY RANDOM() LIMIT 1)	oauth	google	133878221685797265213	OzPND16g11A2eYU0l7IdNSLSMUzo2VpHhh4uzpcKsVqYeGAJCECaXSSCg5UcJ4Ia	y81m2OS5PZpd5U4G9n4FpVVU2gHzYzSOO1CkJRGOugOFbsaJLG5H02W160WgpCbE	1744577325	bearer	openid profile email	ZHbVt4QYIpToOww4fVYxYZ8DPt5mGIrCqmb3jH0mJQtCGqiFc1N8pLUseFl2TLWwrXRNGMLDBL2p7YdI4yyLgXSCK3OkNt0wciL4uKwHYUytCCMEdR7XEx3Tt8OukT8J	bf8da170-7581-4ba2-98d5-0a9150884392
\.
    

COPY public.account (user_id, type, provider, provider_account_id, refresh_token, access_token, expires_at, token_type, scope, id_token, session_state) FROM stdin;
(SELECT id FROM public.user ORDER BY RANDOM() LIMIT 1)	oauth	google	459281373055630397972	vch1JjTxSCKrd1Ppb99L1TcOcU55X58RCMmvQYyXJUTkfRJLmNYxdHq25DNLI76u	eb8W9Kk4D9haUlwfk37AuyrScuQVH29XmfWq4fg24R7IvN6BZhJ61noOWsF2fXTG	1744577325	bearer	openid profile email	m6MF8jeVzRPYhfpx97dqO79saBlfXXm2TiBk0rSWtpNRAOTt8lbqrucZA7xeAVlEYUs8kBB4m5OzLnfHEv7gHOxuHbXdBW61InaHauwUwQaaPltpByO6alRIP0y0ysp7	e9a7c421-d5ec-4260-94bb-12ba6cb791f7
\.
    

COPY public.account (user_id, type, provider, provider_account_id, refresh_token, access_token, expires_at, token_type, scope, id_token, session_state) FROM stdin;
(SELECT id FROM public.user ORDER BY RANDOM() LIMIT 1)	oauth	google	427757247174206730994	5P0vixwS9KNV8eXvNcEyp1mlGgqKzuuCSxonVgyCrOvzEkrRUhlPB47AKVajMYRO	T01UjpydSM6B5e4rGIFeipQiJ1wWkcQCDBv2xP77IPdEXaa1mgZjSysYpjU0yr1p	1744577325	bearer	openid profile email	if2MK38h52VxnigQxMKhntz3sFQyb0uOXzpG6cpeKJkHEmGiCsLfK4YY0EPs00fE3qPtDysaVd0AkgU3foN1kjR0rl2cVCXcP2CIKkPjEdang7q1addELJMpnXvS0eCx	a29ec3a0-c66f-4ca8-8dcb-ae8ba21ddeba
\.
    

COPY public.account (user_id, type, provider, provider_account_id, refresh_token, access_token, expires_at, token_type, scope, id_token, session_state) FROM stdin;
(SELECT id FROM public.user ORDER BY RANDOM() LIMIT 1)	oauth	google	619773804382197562168	nELPCpHWjjWTqfpGhinK9HTB60XsqQ3BQgysjKYDSQ64CexOEQv1caupYv91sMkP	JqokffvFtFmGeuSKifsotGsE827rJQNUJH51LxOF8gPSTWRUoLURzEbVd1tvcCoB	1744577325	bearer	openid profile email	TEizeYZYn4mlsQDb1JEjlsnJRcoWPczL24wprkjYZF9kAFoTwjDt2Jg4OASE81lYGw8ysjpvDXnCyGzK5AB5MtMONSILfPMCR7Ik8cOFy38Gz4q7dqrGpFBhlPfYvVdP	0c5bd8a4-8e89-4bb9-ad5b-112450d8b70c
\.
    

COPY public.account (user_id, type, provider, provider_account_id, refresh_token, access_token, expires_at, token_type, scope, id_token, session_state) FROM stdin;
(SELECT id FROM public.user ORDER BY RANDOM() LIMIT 1)	oauth	google	726077155352504927396	oAy4z2q01NYK6xApxXl2zDRxFMqDVNFfxKR9GQaTJdLIBtQzx52kSwyTry6N9WPL	O6cEf2K4VdiAxxR3NUTQtAqgfMQ5eME4fmF9txLDYXALZ0o2FaUoO7O3UvGuM7Dh	1744577325	bearer	openid profile email	86LwmOEdjiKCPZMZzzzHKWH9mVaebzFrxVTW0ZpJUkPdmHHoqToO2uV755kIHTj2xr4Zsxjr27FZTBBfeVn30hPEsPtCGawYRlbtlUpU9EbvKU59WFH9ZaDmI5T0EEFN	671014c6-2d5f-49f1-94eb-83c807f44474
\.
    

COPY public.account (user_id, type, provider, provider_account_id, refresh_token, access_token, expires_at, token_type, scope, id_token, session_state) FROM stdin;
(SELECT id FROM public.user ORDER BY RANDOM() LIMIT 1)	oauth	google	108626473726991935499	GoWWkXTI1x3GCyDHFzhUAYE56sfEimCW06JAccp9YML0UgJQiU00hEAXIHeUnRsC	UoqpWdhiWnqz7K0jfDxfqlqcWC84N0OnNa2UQ6Cbdxwp3wHVx1DmT3YrJuAyOCd6	1744577325	bearer	openid profile email	iD0kSOZFRhN7qVk5X8ZkZTaz8MCdii35UDldYwmVJPrga46hOtCrFpfya3df1rm9FBPm3CwQcBvO6kqIdo0YuFzk8vaHlX121HLnNivNFPX7rlqV9Qfxg1QbZmDL2jlu	eb523f18-7128-4fd2-913d-d54d901789e8
\.
    

COPY public.account (user_id, type, provider, provider_account_id, refresh_token, access_token, expires_at, token_type, scope, id_token, session_state) FROM stdin;
(SELECT id FROM public.user ORDER BY RANDOM() LIMIT 1)	oauth	google	313671266983449754683	JhWr8jmUqNW6g4fp5sTXEMyvSiafw8GHdU2shr1Ud3P6WnUrskyXuuWqYea0GMnt	EQU5OnMO7P5yl9IwJYucWPkM1sbUwvul9T8co1jAlOcHGu8bdJ2fjW6vCArgTXqG	1744577325	bearer	openid profile email	LxAKaSTksdfyA2OECXJO4zfVamjul40oJudZJY01y4j2JANAocVPliigb0aAYiZezqE3qaAeE53nvSxVhR15jtAaV2356hONW0bRj2PKhR12AI6U5I1yMbkbTaZSYBhC	30744849-6de1-4291-9212-beea3c3e9401
\.
    

COPY public.account (user_id, type, provider, provider_account_id, refresh_token, access_token, expires_at, token_type, scope, id_token, session_state) FROM stdin;
(SELECT id FROM public.user ORDER BY RANDOM() LIMIT 1)	oauth	google	684252484308774042634	IBSDwYgT7gubRPTX2XLXEN4EVpPZELY0lQSZMQl1ujKzabZhEx6ffkMBjnXjZp8x	feVhV6IvHzaaC3BubvOvoaAdmIkCim6sg23vGzTqVe4HhrFGjCldElEBMv53vxuv	1744577325	bearer	openid profile email	jiErrlQ7SBb3ls3SYEft3JhTRTasB8l5NI20TFsaLNqERUwPlN0VusJ0nGpwowBreuAqKlNHXjlEYo6TwuWnWnvnYccD9dYVN4yDwqHlBOetjUJRmqiHpuX1O3fwzSuA	b0283e59-e309-431b-b152-329d7f79acce
\.
    

COPY public.account (user_id, type, provider, provider_account_id, refresh_token, access_token, expires_at, token_type, scope, id_token, session_state) FROM stdin;
(SELECT id FROM public.user ORDER BY RANDOM() LIMIT 1)	oauth	google	815243555615678537277	DLQwQ5rtLIzcN7FGtu61si4ICsFgJgsYqd1z2xcu3UoBLHqhj8EJ5EBGoaTsSZyE	hO37Du3UwUetBN8AeycJN4Sv2cHbLa1tleqqHSfleZO3NnWFAP0sEnEU70FdbDNR	1744577325	bearer	openid profile email	602vUL2D5Upwlx0pRqqBJwXOk4N9KmhEDbLUUDlNt48mw4771AOPzBp6nRZZAiRQYeOIzyobZMJ6E7Hzk2UgwOoaE790OUgppCij7H6LdkVvbH52VfCVTgJ1EythoA6y	4a1b1735-9077-4e66-8d5e-698e8c311987
\.
    

COPY public.account (user_id, type, provider, provider_account_id, refresh_token, access_token, expires_at, token_type, scope, id_token, session_state) FROM stdin;
(SELECT id FROM public.user ORDER BY RANDOM() LIMIT 1)	oauth	google	431701786005287116747	Sxkf4Ru7EasfkLLGYkK8LQrGNDqyCdqmAPpys83yYcX05aaLMnXdGPKCy38AG7nG	WxW7S2OwmaSMcbUasgVn94Fjd5AQVzEuRb6tLtcMP9CC1z64LK4txPYoVnopHa9I	1744577325	bearer	openid profile email	MgA44kwMp63NY8g4C0TRK7a2xEMoW9RZvEHajcu54dQf9ugd2UPzD3MuWPryylyAcd83nPZo4DtetjqgxBwEPq91yohZXTDKU3n2bOqoASvK8bhUHNBgpggNZcHvIuVV	decc5efc-b896-4e4a-9c30-987b73b90bec
\.
    

COPY public.account (user_id, type, provider, provider_account_id, refresh_token, access_token, expires_at, token_type, scope, id_token, session_state) FROM stdin;
(SELECT id FROM public.user ORDER BY RANDOM() LIMIT 1)	oauth	google	645101990884108497285	ufyXY9b6r3JhRqetJOxbJVo0cDQww2CR9EMXX4JaeVkpK2NGzTs7nU290vcfavnb	6HfQHVOxyMHNemCtuBG7CGHnMYTubwcafbJ47lWCmrXZ3rxdzgZmcyB8GxGKNJWA	1744577325	bearer	openid profile email	u9UKmVxYHdKUquQiDTdiAWzmbBplaMXPerxIF5lGZ8BCDcNCJXzzYt1VGklOdoL1pTbDQQRoE9yfwn6MniTrkByadHGH9GCIgy2omOQiGsc5NLRXQirZa4XDe3wE0Uxf	e025ecb1-dddf-4f51-b987-30d7588350ec
\.
    

COPY public.account (user_id, type, provider, provider_account_id, refresh_token, access_token, expires_at, token_type, scope, id_token, session_state) FROM stdin;
(SELECT id FROM public.user ORDER BY RANDOM() LIMIT 1)	oauth	google	147972137323667950556	8GotNywNY9wnYNdjeCE4PELBRnrJuquMpuWORoSwfrcanwH4F6w27RDOiMONfkly	ziuQFGGEYxGhtDLKnAy5fJrhoL9aYLRfvyj98G6bW6RVvEZcUJ2bAzkVnrHg4tU7	1744577325	bearer	openid profile email	0XSv7VM7S9k3sAIrWNgHoLeRRmmVMdN0QH6CFWmJvPw1oHPrsuzvsGYGLNty296MfGlP2YnxuTw9bSvEhVZk81jvFWJLhmjwMxhB3EEAbqfeuiiXNTeiJvluloVRhgdl	5cb87c24-a2ac-44a3-a8f3-f3303164d41f
\.
    

COPY public.account (user_id, type, provider, provider_account_id, refresh_token, access_token, expires_at, token_type, scope, id_token, session_state) FROM stdin;
(SELECT id FROM public.user ORDER BY RANDOM() LIMIT 1)	oauth	google	135591170212330352296	Ga1rgp843dfoQVXq7CTk9Nl12W6yaODEUq4SVVHlqfSOzFhMKC9iKEnEvGBc5Y9f	IuB6sRGluX0uct0eqzkavGSwz9is2y6eNanVx0BS6Mmbh7Q2dwc1OScxL4eWLMMU	1744577325	bearer	openid profile email	cQXfQc63T4rVxKi5x2d3JNQaFJhtfJjU0s4dt4Un0YxvnQIoEVoXwmHLHjEuSbyrXsJl1s0RCMJnW6faTMhYJzMqqZB7Fow2VoE7RpuT5b4FEthTrMq9oufe4OHRgPNi	5987cbd3-61c9-4712-befa-ec5a10fe90ee
\.
    

COPY public.account (user_id, type, provider, provider_account_id, refresh_token, access_token, expires_at, token_type, scope, id_token, session_state) FROM stdin;
(SELECT id FROM public.user ORDER BY RANDOM() LIMIT 1)	oauth	google	512645063773094095113	F7id0VWKlKYYVSlimqHcLtFrNFulYV3WzQxtmdmBMUGod67Rxh8Vj8UjKqrkDxHt	TE1lUqxNkNe5KdBW0icQRzIxzVitA2XWcwEThJZL8BiyGRQMV9fTs1pHFy4v1xj2	1744577325	bearer	openid profile email	rJ0EsPo52mUBAc6PBwDYq4cMIrVHuQygpzvSYurU1LEVeNeFdShD3blyD9TsBPNNSnlSYyPNq1fszk1abrWCPyeG6Vl7QktpKByAkawL2ITvjL8swAR9l4jGNhoCUBU9	c4168256-c837-45dd-a68a-b7c54db84d41
\.
    

COPY public.account (user_id, type, provider, provider_account_id, refresh_token, access_token, expires_at, token_type, scope, id_token, session_state) FROM stdin;
(SELECT id FROM public.user ORDER BY RANDOM() LIMIT 1)	oauth	google	823021138693588802790	JbhISN6USm0x3xMCEaKIf8RFqKrMcHIPxgcqjNyYaRrKmFHnQY9IAsoOY2DaHluk	zf5x1CTp4Mxw1uULn9vDVMfcAuu9kq7LiwKX8TdeB3spwtWOMwrv3KZ2ln6TmM2L	1744577325	bearer	openid profile email	czjlFgdwfjdrAgBCZHiKgREdRHg0nh3qAJvBkf6TQje2p3RtOp8sqKcyTB1RPQak4fLvEozBiBH0VGJaoNVOFHpjaOqqqjNXi7tOthz9LXOV8t3MkWwYonl1pBtlkB96	99fb5fcd-2ffd-46c7-be1a-5df252dcf293
\.
    

COPY public.account (user_id, type, provider, provider_account_id, refresh_token, access_token, expires_at, token_type, scope, id_token, session_state) FROM stdin;
(SELECT id FROM public.user ORDER BY RANDOM() LIMIT 1)	oauth	google	402503087388646540261	JygRMZ53FuIeyJqFTuRGRiuxCLakuF09iGaMM13biQ2bIARIKd1q7Bq68q52kyXL	MFHL6zuVowo0Cjc9JxjGTvuzjZUwquijf132aGsS4X8iEpPfYebsOFzg7zl4V6WD	1744577325	bearer	openid profile email	KTF9tkJ2NJe9RGClYbD7mDbBnMpJ8nwSvG1HxzGiewssPxrvISjQ2tGZZGTspZ4PDc8ZytQRjMRNTdkEZnng9ZsWLoxCJZ8mqVmu65Is0r8IqHxglugiF9HIuK0LS8go	3e243462-431e-42a9-892f-3372b0c7315c
\.
    

COPY public.account (user_id, type, provider, provider_account_id, refresh_token, access_token, expires_at, token_type, scope, id_token, session_state) FROM stdin;
(SELECT id FROM public.user ORDER BY RANDOM() LIMIT 1)	oauth	google	119435195065849754902	KEPKiVLdYl9088R80EBjvSqM3Xb6BunuxPvW7sQggftFv15w61EmwP7EtlVaWh7o	wTPIIho3M1ec0GUSPb1yq5xUmrDokjDii5IqTqNnh1K2m9NCKFj5e1RtCa9Qp7Kb	1744577325	bearer	openid profile email	KeskJh8ubeJD7iQtDFVkeYOwIrN1820lkLXUD75kak4BklNqHfQUFBbxZppBvcZWycpgaG1PgjryQizfMSyVxEt3o44n7UdfBjEgcwYswsGVuNKI5F5UqVL3gKaNBwHA	51546b04-8511-4f3c-ae94-ff873e31aaf6
\.
    

COPY public.account (user_id, type, provider, provider_account_id, refresh_token, access_token, expires_at, token_type, scope, id_token, session_state) FROM stdin;
(SELECT id FROM public.user ORDER BY RANDOM() LIMIT 1)	oauth	google	882170988397866894558	YXAK8iXIuY9HC7k48rheIHsbGEcN57pEttzCanJpL5qVeO5LNbqzadmhUCgo1ukE	UiJMSxzJAXgFqo0g7FkuQFHEbLRTyOxu6Sr5jTXYmkVqoi8kZ8AeBTF6Oz0UJRDD	1744577325	bearer	openid profile email	IH680DES9fSCjx2zpEemLVi13DGi5QSHgk1cdF984POpqe3LKwSiZq1EzURSAzLB7x8PYtBfVmuHNo3flUrqCJytQlfT2XB2GZ3SSlU85yO8sv9cg3HTjhJ9eo8PHubd	d700977c-a60f-4b15-b0a0-1eab23908b2b
\.
    

COPY public.account (user_id, type, provider, provider_account_id, refresh_token, access_token, expires_at, token_type, scope, id_token, session_state) FROM stdin;
(SELECT id FROM public.user ORDER BY RANDOM() LIMIT 1)	oauth	google	061031212136893813478	JzCIOLDwrRkeSOMX8WmjAsmEIRTp2X8wSW1LRJSF4atlxYFvZQLgxchiCNoGny2B	0MDLFdIzF7gGyuuju6svB9PyTKUagHBXfsFIEMnSn2wZgqstgeUCK45hKuFNgWML	1744577325	bearer	openid profile email	yUh1TV5adcYyFCpCTGIC1HRGhs3UJWEO0bFgujlOJbHkxhiLGEwDqBodNwJyzBuGLvmMucGCgN037f6KE4a60JZZF62aYSh5VM8ohZ1So31lH8ifDNVBwsyDfZOYHzXm	0b870a98-350a-45ee-8130-7febd2a71991
\.
    

COPY public.account (user_id, type, provider, provider_account_id, refresh_token, access_token, expires_at, token_type, scope, id_token, session_state) FROM stdin;
(SELECT id FROM public.user ORDER BY RANDOM() LIMIT 1)	oauth	google	695801297793384924358	IMAqLihpZ8zVWYLa4Z08cNNFP4wmZlvOGLNBT5I7m5vgbbk28ur2ml1AOXL2XzMf	wc5UMJHaGCsggHezEOeZH1jFlV0TUEa8P25GgN2MPd7HIeDCL1RltvTPQnI87L39	1744577325	bearer	openid profile email	1y86XwVvSKvTFw7AaKODpQk22Ak0jfKKGXf3LPqXvmsE0Ua3dMTDZb6TuM2lNr020V3K2btkUrtDwH1k4jnYIkHFtO4glbR8UXmc70labO6tQHS4j7nA6iU5iMSjxgQe	f4a541a5-cf04-4c0f-ba6e-b3e379d66637
\.
    

COPY public.account (user_id, type, provider, provider_account_id, refresh_token, access_token, expires_at, token_type, scope, id_token, session_state) FROM stdin;
(SELECT id FROM public.user ORDER BY RANDOM() LIMIT 1)	oauth	google	447064972942159704336	mjRyw4XzW08EoESZtt3rg2ewYo9kVdeKvcIdOHeuEQOJuqkV3xWwrOpEUxCveB9R	VeFxKlaB8vMC5mZ7R3oyRTMzglOlnq1rWBVE6moWdM2iDc0tD8N2ge0kDn7bDKQB	1744577325	bearer	openid profile email	3kjg91g1t055ocWtg6sFtJZb9ZUENuXALYErV44R5XWCGs3Gyl5jFsvNW8dZvFGksTUmyliDXUhU6PTxuQMwddjleUxIzsvtRtAGfO37atlyynsUdKFPsjdyXXyFHI1z	6ee9f7e9-61dd-45fb-9eb9-82bbd6c9d137
\.
    

COPY public.account (user_id, type, provider, provider_account_id, refresh_token, access_token, expires_at, token_type, scope, id_token, session_state) FROM stdin;
(SELECT id FROM public.user ORDER BY RANDOM() LIMIT 1)	oauth	google	495632107032615791339	P8a15sEFM4tDmOC9puzttVfxtsT570hV4oyxtJEwTWoMH3VbTM6fUQwipelJmUfF	KUhe5XycL41RKiU6JH5kwkYnXrGI4gPgVDafrtJHnI3nbGRheMXZ0BbgdQkldBHX	1744577325	bearer	openid profile email	fuNDmF697LDhPDmltDzbTJaKtalimR3Hn5Pu7lsHPYtg1v70vVZycbdbJxrZbmYPy74R8zg0vU53hfVmgh34RRrTolRcZTPiwZzqIEBkNTJFNqffHC0wmomUHp7AjOun	334f0d8b-0422-4880-8b01-32984c92e281
\.
    

COPY public.account (user_id, type, provider, provider_account_id, refresh_token, access_token, expires_at, token_type, scope, id_token, session_state) FROM stdin;
(SELECT id FROM public.user ORDER BY RANDOM() LIMIT 1)	oauth	google	648421298110771583579	GL0D2WzXLvKcfphn9jUtDYVV7ifPut6Sn4mQMW0HvYoo70jNWifl7AQ4NXaK3jXu	S4BnNf7PWDeygVtyLFpGLzzTG0ywkfuSKjlHQc6yYXdhaUGQQUa2aVSN9aXb9fJS	1744577325	bearer	openid profile email	ZjqsTB2TBjSwYRDVBZa2mRrybhxMrFHnY6iV7df3NK8jIcgqC2tz9MySX0FNxdO4RutIOpQc0AvsSL6ZF4BAUSkneWKIP0OeazcuYnuvVpOrmXvz83FiwvALpzokQYJB	7a33e6bd-d013-4246-ae4f-dbb67396509e
\.
    

COPY public.account (user_id, type, provider, provider_account_id, refresh_token, access_token, expires_at, token_type, scope, id_token, session_state) FROM stdin;
(SELECT id FROM public.user ORDER BY RANDOM() LIMIT 1)	oauth	google	917624082204148802296	ftrayONC8LuUHRFbVjRowg3F6PwNjmWBU4mIEK3tQ6OcsCgxJpIqRLFjdrLwH5Vf	CNYaqKFg9IXRdDSxi2iG4WqNChYkoYFHfXz77RXTEHRY4kPuHjmLb5Z5I3IgR7xZ	1744577325	bearer	openid profile email	6zDFSTxRSaP3Kh8yxYdu4lLq945ZOTJgg39lHbWLaYBjN6qFz28fGFCr5moeAra9iHFP5IYYTRhiI4Ii0CyvDS0tzYJtVlgbwBzDKgayUOTMKAwscaAQHjSlTKgF7PNQ	3a8e9121-7293-4c2a-8755-222b12e91e77
\.
    

COPY public.account (user_id, type, provider, provider_account_id, refresh_token, access_token, expires_at, token_type, scope, id_token, session_state) FROM stdin;
(SELECT id FROM public.user ORDER BY RANDOM() LIMIT 1)	oauth	google	083355748981588427532	m9GH1cGjhQGPUm7RutPXNBSjN4uwcoo4qK71E1ieJdwEw6XMTprs9LPrLijzOB4R	6z7ssvaqfbJ2bOZMn4K5mnKwVXwUzAOObkQSaRS0mDEdmpKTgqGgm1GZOMai6wDg	1744577325	bearer	openid profile email	MPZQB9ukKLMo4a79AHwtkfxBv1UBk00TJ9Gpuz3q6YoaNnKosrx1ZMjuqTOviHzB3SciSDU0Vmr0arPPZg3hYPqMBYaHpF5wgCYaLueNrZGZdYX13ZofOyTQgEA6bsWI	29e77653-11d1-475c-bf4d-d1150df985c0
\.
    

COPY public.account (user_id, type, provider, provider_account_id, refresh_token, access_token, expires_at, token_type, scope, id_token, session_state) FROM stdin;
(SELECT id FROM public.user ORDER BY RANDOM() LIMIT 1)	oauth	google	562464027998527578695	NcfpVMcbe4RkOdiDDhBpkrjwnxMaHvunWpf6Ngvn3ovvzVsSCS7r5z5MMwwDBsIV	XV3IdoyK6ane4sMxrsbdhn0FiNU1Q8eT65GpeaCAUYr0tgUdFi3XgnbExbbmQanm	1744577325	bearer	openid profile email	r3bAU1i6CUlAnhxUnUHDckS3emKR2w8nvUNnqmHzXPLwlHum2sTDiCSZYcuKGLzqdhjf7ucjjhiVJltIIIkuPKCbRkBWmOiQq3vDZikIBdOCYZvNQ75urtSmfSDcgq4z	3045f3d2-446e-4667-8ed6-055a3e731f19
\.
    

COPY public.account (user_id, type, provider, provider_account_id, refresh_token, access_token, expires_at, token_type, scope, id_token, session_state) FROM stdin;
(SELECT id FROM public.user ORDER BY RANDOM() LIMIT 1)	oauth	google	725299037309247344021	4ZP5ghthErCzx0YRglUDq60McA4HRjqCp8t69AERDMew1uCF5tQwtGQntxoX6Ggr	sukO5uLDILMqUWUKIycohJpUk2DUV7ivtekqAxUZFEEp5dPWpx8V5CFLjoBE7Gd7	1744577325	bearer	openid profile email	l730GiFrNZOsk2VhCBAW4yot7iZorJdPSAYeRX8mQwktHZbmJRnN0OIntXvlpUnhqo5t3ssPc5NzFOTmGHboj9bzpBJEiDsCy240BvxT86mLXjhEZ3HvDOQwcP9DzyZr	0457eb17-3fc2-479e-9eed-7cec50b89e01
\.
    

COPY public.account (user_id, type, provider, provider_account_id, refresh_token, access_token, expires_at, token_type, scope, id_token, session_state) FROM stdin;
(SELECT id FROM public.user ORDER BY RANDOM() LIMIT 1)	oauth	google	778695404882822434956	1RDTgUxZobooPK8w3WocdRRwBt0u1tuowjIJhQEK4Gbl4nWbXf2dB2ZEOUiGl6N6	xfxmRjTmuT81MJfcfVOsFEJLUvtUvs76i0Fz8mHEgaYRVn9IOFMIgRprQeLHXjb9	1744577325	bearer	openid profile email	lHYOpTXenC4Fh4ge6IIbGGyoB0KGFAwF1JR1bWgT5SZaR650lMDCt0M7GqjoGSzbNii9ubiMjqBbcaunhpPXDWXyNhaqqjDIfvUiYC0jvutLLIZWgNKaLEdRTr2Tkswp	912ba8fd-c8e6-406c-8aa0-8fc0f4baf122
\.
    

-- Set sequence values
SELECT pg_catalog.setval('public.organization_id_seq', 101, true);
SELECT pg_catalog.setval('public.feed_id_seq', 101, true);
SELECT pg_catalog.setval('public.organization_to_feed_id_seq', 101, true);

--
-- PostgreSQL database dump complete
--
